Time,Lat,Lon
4/1/2014 18:18:00,40.6086,-73.9326
4/2/2014 15:26:00,40.6624,-73.9365
4/2/2014 22:05:00,40.6493,-73.9438
4/3/2014 17:29:00,40.6609,-73.9312
4/4/2014 10:06:00,40.6666,-73.9393
4/4/2014 12:40:00,40.6268,-73.9355
4/4/2014 15:10:00,40.6047,-73.9427
4/4/2014 17:41:00,40.6575,-73.9226
4/4/2014 20:12:00,40.628,-73.921
4/5/2014 1:51:00,40.6759,-73.9499
4/5/2014 2:25:00,40.6211,-73.931
4/5/2014 11:30:00,40.6738,-73.9408
4/5/2014 15:27:00,40.6799,-73.9407
4/5/2014 16:33:00,40.6775,-73.9483
4/5/2014 21:11:00,40.6795,-73.9326
4/6/2014 0:40:00,40.659,-73.9463
4/6/2014 0:45:00,40.6762,-73.9359
4/6/2014 7:57:00,40.6789,-73.936
4/6/2014 13:21:00,40.6286,-73.9205
4/6/2014 20:23:00,40.6724,-73.9303
4/6/2014 22:07:00,40.6736,-73.9418
4/7/2014 11:39:00,40.6546,-73.9471
4/7/2014 13:31:00,40.6666,-73.924
4/7/2014 15:16:00,40.6217,-73.9291
4/7/2014 18:27:00,40.6772,-73.9419
4/8/2014 17:48:00,40.6449,-73.9216
4/8/2014 19:37:00,40.6794,-73.9444
4/8/2014 20:59:00,40.6676,-73.9313
4/9/2014 13:08:00,40.61,-73.9221
4/9/2014 14:04:00,40.6775,-73.9468
4/9/2014 14:55:00,40.6586,-73.934
4/9/2014 17:20:00,40.6678,-73.9306
4/11/2014 8:02:00,40.6794,-73.9322
4/11/2014 15:36:00,40.6665,-73.9376
4/11/2014 21:43:00,40.6638,-73.9373
4/12/2014 11:07:00,40.6794,-73.9441
4/12/2014 17:40:00,40.6289,-73.9231
4/12/2014 19:44:00,40.6553,-73.9268
4/12/2014 21:49:00,40.6791,-73.9443
4/12/2014 23:42:00,40.6679,-73.9474
4/13/2014 12:07:00,40.6219,-73.9204
4/13/2014 13:30:00,40.6605,-73.9323
4/13/2014 14:46:00,40.6674,-73.9313
4/13/2014 18:57:00,40.6794,-73.929
4/13/2014 19:13:00,40.6674,-73.9312
4/13/2014 22:33:00,40.6751,-73.9486
4/15/2014 15:15:00,40.669,-73.931
4/15/2014 16:59:00,40.6561,-73.9436
4/16/2014 8:46:00,40.6443,-73.946
4/16/2014 18:40:00,40.6766,-73.9471
4/17/2014 19:46:00,40.676,-73.9344
4/18/2014 2:13:00,40.6383,-73.9203
4/18/2014 10:39:00,40.6182,-73.9453
4/18/2014 16:41:00,40.6108,-73.9276
4/18/2014 19:52:00,40.6764,-73.9443
4/18/2014 21:07:00,40.6755,-73.939
4/18/2014 21:44:00,40.6655,-73.9204
4/19/2014 21:26:00,40.6781,-73.9442
4/20/2014 17:52:00,40.6593,-73.9247
4/20/2014 17:55:00,40.6564,-73.9344
4/20/2014 18:37:00,40.6751,-73.9475
4/20/2014 20:53:00,40.6706,-73.9463
4/20/2014 23:00:00,40.6736,-73.939
4/21/2014 8:09:00,40.6733,-73.9449
4/22/2014 15:31:00,40.6074,-73.9429
4/24/2014 17:15:00,40.6795,-73.9413
4/25/2014 11:44:00,40.6315,-73.9463
4/25/2014 17:29:00,40.6712,-73.942
4/25/2014 19:41:00,40.6777,-73.9498
4/25/2014 21:44:00,40.6789,-73.9224
4/26/2014 5:59:00,40.6794,-73.9385
4/26/2014 13:12:00,40.6797,-73.9342
4/26/2014 14:41:00,40.6718,-73.9361
4/27/2014 7:21:00,40.6287,-73.9385
4/27/2014 13:48:00,40.6787,-73.9216
4/27/2014 21:02:00,40.6167,-73.9391
4/28/2014 4:11:00,40.6709,-73.9371
4/28/2014 7:22:00,40.6799,-73.9254
4/28/2014 14:31:00,40.6414,-73.942
4/28/2014 15:43:00,40.6623,-73.9214
4/28/2014 21:19:00,40.6751,-73.9491
4/29/2014 10:32:00,40.6706,-73.9474
4/29/2014 11:54:00,40.6743,-73.9221
4/29/2014 14:56:00,40.6707,-73.9421
4/29/2014 15:39:00,40.6601,-73.9395
4/30/2014 12:47:00,40.6732,-73.9298
4/30/2014 17:44:00,40.675,-73.9468
4/30/2014 21:37:00,40.6691,-73.9422
4/1/2014 1:22:00,40.6622,-73.9214
4/1/2014 4:45:00,40.6732,-73.9456
4/1/2014 5:37:00,40.673,-73.9437
4/1/2014 6:29:00,40.6756,-73.9416
4/1/2014 7:19:00,40.6649,-73.9423
4/1/2014 7:40:00,40.6776,-73.9485
4/1/2014 8:39:00,40.6141,-73.9275
4/1/2014 9:21:00,40.6186,-73.9394
4/1/2014 10:01:00,40.6125,-73.9402
4/1/2014 14:15:00,40.6785,-73.9291
4/1/2014 14:15:00,40.6785,-73.9291
4/1/2014 17:12:00,40.6323,-73.9485
4/1/2014 18:47:00,40.6657,-73.9395
4/1/2014 20:53:00,40.6759,-73.9318
4/2/2014 5:27:00,40.673,-73.9437
4/2/2014 5:59:00,40.675,-73.9459
4/2/2014 6:14:00,40.6688,-73.9271
4/2/2014 6:24:00,40.6759,-73.9388
4/2/2014 6:27:00,40.6505,-73.9476
4/2/2014 12:56:00,40.6787,-73.9483
4/2/2014 13:48:00,40.6718,-73.9355
4/2/2014 14:09:00,40.6316,-73.9474
4/2/2014 16:44:00,40.6264,-73.9209
4/2/2014 17:58:00,40.666,-73.9292
4/2/2014 18:02:00,40.6765,-73.9438
4/2/2014 21:32:00,40.6266,-73.9479
4/2/2014 23:12:00,40.6652,-73.926
4/3/2014 1:31:00,40.6782,-73.9471
4/3/2014 4:37:00,40.675,-73.9389
4/3/2014 5:33:00,40.676,-73.9484
4/3/2014 5:50:00,40.6758,-73.9294
4/3/2014 6:26:00,40.6688,-73.9272
4/3/2014 6:35:00,40.6751,-73.9459
4/3/2014 7:47:00,40.6791,-73.9401
4/3/2014 11:09:00,40.6101,-73.9485
4/3/2014 11:40:00,40.6621,-73.9439
4/3/2014 12:04:00,40.6742,-73.9495
4/3/2014 12:11:00,40.6388,-73.9425
4/3/2014 12:56:00,40.6698,-73.9469
4/3/2014 13:28:00,40.6565,-73.9473
4/3/2014 16:05:00,40.6074,-73.9434
4/3/2014 16:28:00,40.6647,-73.9373
4/3/2014 17:02:00,40.6781,-73.9206
4/3/2014 17:05:00,40.6671,-73.9483
4/3/2014 23:37:00,40.6795,-73.9326
4/3/2014 23:39:00,40.669,-73.9298
4/4/2014 0:49:00,40.6694,-73.9388
4/4/2014 0:49:00,40.639,-73.9415
4/4/2014 3:44:00,40.6676,-73.9421
4/4/2014 6:11:00,40.6698,-73.9395
4/4/2014 6:35:00,40.6757,-73.9429
4/4/2014 7:00:00,40.6743,-73.9486
4/4/2014 8:06:00,40.6269,-73.9463
4/4/2014 8:16:00,40.6149,-73.9226
4/4/2014 10:29:00,40.6593,-73.9302
4/4/2014 11:40:00,40.6646,-73.9355
4/4/2014 12:36:00,40.6309,-73.935
4/4/2014 13:45:00,40.6047,-73.9427
4/4/2014 13:53:00,40.6097,-73.9484
4/4/2014 14:33:00,40.6624,-73.9367
4/4/2014 14:33:00,40.6624,-73.9367
4/4/2014 17:55:00,40.6693,-73.9351
4/4/2014 19:52:00,40.6671,-73.9319
4/4/2014 20:28:00,40.6644,-73.933
4/4/2014 20:36:00,40.6682,-73.9243
4/4/2014 20:59:00,40.6741,-73.9293
4/4/2014 21:27:00,40.6781,-73.947
4/4/2014 23:29:00,40.6567,-73.9244
4/4/2014 23:30:00,40.6775,-73.9295
4/5/2014 0:38:00,40.675,-73.9453
4/5/2014 0:43:00,40.6254,-73.9276
4/5/2014 1:31:00,40.6706,-73.9317
4/5/2014 2:01:00,40.661,-73.948
4/5/2014 2:17:00,40.6191,-73.938
4/5/2014 6:06:00,40.6793,-73.9294
4/5/2014 7:30:00,40.6793,-73.9433
4/5/2014 8:09:00,40.6797,-73.9385
4/5/2014 8:13:00,40.6242,-73.9416
4/5/2014 8:27:00,40.6749,-73.9446
4/5/2014 8:31:00,40.6507,-73.9428
4/5/2014 12:05:00,40.6757,-73.9433
4/5/2014 13:11:00,40.6743,-73.949
4/5/2014 14:08:00,40.6751,-73.948
4/5/2014 17:44:00,40.6302,-73.9447
4/5/2014 18:00:00,40.6721,-73.9259
4/5/2014 19:27:00,40.6775,-73.9472
4/5/2014 20:15:00,40.6772,-73.9421
4/5/2014 21:11:00,40.6718,-73.9475
4/5/2014 21:43:00,40.6714,-73.9393
4/5/2014 21:48:00,40.6695,-73.9398
4/5/2014 21:50:00,40.6686,-73.9235
4/5/2014 22:09:00,40.6694,-73.9465
4/5/2014 22:49:00,40.6769,-73.9374
4/5/2014 23:02:00,40.6648,-73.9203
4/6/2014 0:24:00,40.6686,-73.9396
4/6/2014 0:28:00,40.6329,-73.9216
4/6/2014 1:16:00,40.6695,-73.9404
4/6/2014 1:20:00,40.6157,-73.9294
4/6/2014 2:19:00,40.6325,-73.9337
4/6/2014 4:17:00,40.6724,-73.9463
4/6/2014 4:34:00,40.6198,-73.928
4/6/2014 7:29:00,40.6732,-73.9288
4/6/2014 10:07:00,40.669,-73.9379
4/6/2014 10:37:00,40.6795,-73.9314
4/6/2014 10:43:00,40.6797,-73.9313
4/6/2014 12:47:00,40.6743,-73.9492
4/6/2014 13:15:00,40.6765,-73.9444
4/6/2014 13:35:00,40.6598,-73.9361
4/6/2014 13:38:00,40.6659,-73.9438
4/6/2014 13:50:00,40.622,-73.934
4/6/2014 14:10:00,40.6343,-73.9459
4/6/2014 14:10:00,40.6281,-73.921
4/6/2014 14:20:00,40.6231,-73.9215
4/6/2014 14:33:00,40.6713,-73.9286
4/6/2014 14:44:00,40.666,-73.9449
4/6/2014 14:51:00,40.6712,-73.9264
4/6/2014 15:17:00,40.6723,-73.9462
4/6/2014 15:32:00,40.6748,-73.9415
4/6/2014 16:02:00,40.6782,-73.9498
4/6/2014 18:17:00,40.6718,-73.9357
4/6/2014 19:40:00,40.6327,-73.9457
4/6/2014 19:46:00,40.6175,-73.9462
4/6/2014 20:43:00,40.6712,-73.9263
4/6/2014 20:43:00,40.6623,-73.9344
4/6/2014 20:44:00,40.6707,-73.9476
4/6/2014 23:22:00,40.6182,-73.9443
4/6/2014 23:38:00,40.6637,-73.9348
4/7/2014 6:04:00,40.6595,-73.9489
4/7/2014 6:16:00,40.6746,-73.9394
4/7/2014 6:28:00,40.616,-73.9226
4/7/2014 7:08:00,40.6776,-73.9491
4/7/2014 7:34:00,40.673,-73.943
4/7/2014 10:36:00,40.6713,-73.9271
4/7/2014 10:47:00,40.6694,-73.947
4/7/2014 12:19:00,40.671,-73.9376
4/7/2014 13:19:00,40.617,-73.9472
4/7/2014 13:49:00,40.6686,-73.9454
4/7/2014 15:55:00,40.6625,-73.9359
4/7/2014 16:56:00,40.6689,-73.9422
4/7/2014 17:19:00,40.6783,-73.9217
4/7/2014 18:19:00,40.6545,-73.9443
4/7/2014 18:29:00,40.6717,-73.9348
4/7/2014 18:48:00,40.6561,-73.9465
4/7/2014 20:41:00,40.6241,-73.9285
4/8/2014 0:08:00,40.624,-73.9285
4/8/2014 4:20:00,40.6478,-73.929
4/8/2014 5:17:00,40.6758,-73.9297
4/8/2014 5:41:00,40.6713,-73.9264
4/8/2014 5:50:00,40.6761,-73.9443
4/8/2014 6:51:00,40.6688,-73.9269
4/8/2014 10:01:00,40.6562,-73.9417
4/8/2014 12:01:00,40.6578,-73.9291
4/8/2014 14:29:00,40.6708,-73.9378
4/8/2014 14:37:00,40.6648,-73.9271
4/8/2014 15:20:00,40.6302,-73.9387
4/8/2014 15:43:00,40.6638,-73.936
4/8/2014 21:59:00,40.6754,-73.9374
4/9/2014 1:50:00,40.6787,-73.9413
4/9/2014 4:49:00,40.6637,-73.936
4/9/2014 5:27:00,40.6675,-73.94
4/9/2014 6:33:00,40.6669,-73.9292
4/9/2014 7:45:00,40.653,-73.9432
4/9/2014 7:54:00,40.6654,-73.9344
4/9/2014 9:59:00,40.6581,-73.9261
4/9/2014 11:10:00,40.6581,-73.9396
4/9/2014 11:38:00,40.6082,-73.921
4/9/2014 12:06:00,40.6641,-73.947
4/9/2014 12:15:00,40.6545,-73.9459
4/9/2014 12:34:00,40.6318,-73.9452
4/9/2014 14:02:00,40.6184,-73.9218
4/9/2014 17:03:00,40.6768,-73.9214
4/9/2014 17:13:00,40.6564,-73.9482
4/9/2014 17:57:00,40.6786,-73.9348
4/9/2014 18:58:00,40.6481,-73.9445
4/9/2014 19:23:00,40.6713,-73.9436
4/9/2014 20:01:00,40.6707,-73.9496
4/9/2014 20:38:00,40.6217,-73.9291
4/9/2014 21:34:00,40.6595,-73.9484
4/9/2014 23:17:00,40.6301,-73.9465
4/10/2014 0:52:00,40.6708,-73.9348
4/10/2014 1:19:00,40.6614,-73.942
4/10/2014 1:24:00,40.6254,-73.9275
4/10/2014 4:03:00,40.6748,-73.9394
4/10/2014 4:07:00,40.6648,-73.94
4/10/2014 5:23:00,40.6749,-73.9427
4/10/2014 5:40:00,40.6417,-73.9246
4/10/2014 6:01:00,40.6676,-73.94
4/10/2014 6:14:00,40.6794,-73.9444
4/10/2014 7:40:00,40.6674,-73.9396
4/10/2014 8:17:00,40.6149,-73.9282
4/10/2014 9:45:00,40.6628,-73.9439
4/10/2014 10:32:00,40.6743,-73.9483
4/10/2014 10:39:00,40.6241,-73.9275
4/10/2014 10:44:00,40.6303,-73.9215
4/10/2014 11:27:00,40.6531,-73.9202
4/10/2014 12:35:00,40.6638,-73.9455
4/10/2014 12:48:00,40.6154,-73.9255
4/10/2014 12:58:00,40.6549,-73.9471
4/10/2014 13:07:00,40.666,-73.9456
4/10/2014 14:03:00,40.6654,-73.9426
4/10/2014 14:05:00,40.6592,-73.9476
4/10/2014 14:17:00,40.6501,-73.9379
4/10/2014 14:32:00,40.6792,-73.9205
4/10/2014 15:35:00,40.672,-73.9237
4/10/2014 16:26:00,40.6792,-73.9294
4/10/2014 17:06:00,40.6767,-73.9205
4/10/2014 17:09:00,40.6706,-73.9462
4/10/2014 18:21:00,40.6687,-73.9423
4/10/2014 18:21:00,40.6679,-73.9451
4/10/2014 18:38:00,40.6166,-73.9403
4/10/2014 19:08:00,40.6625,-73.9365
4/10/2014 19:21:00,40.6105,-73.9486
4/10/2014 20:17:00,40.6627,-73.9438
4/10/2014 21:59:00,40.6545,-73.9287
4/10/2014 23:55:00,40.6227,-73.9396
4/11/2014 0:12:00,40.6461,-73.9259
4/11/2014 4:17:00,40.6622,-73.942
4/11/2014 4:21:00,40.6491,-73.9465
4/11/2014 6:02:00,40.6647,-73.9389
4/11/2014 6:15:00,40.675,-73.9458
4/11/2014 6:32:00,40.6337,-73.9478
4/11/2014 6:56:00,40.642,-73.9458
4/11/2014 7:32:00,40.6678,-73.9306
4/11/2014 8:01:00,40.6732,-73.9287
4/11/2014 8:06:00,40.6702,-73.9477
4/11/2014 8:06:00,40.6786,-73.9493
4/11/2014 9:12:00,40.6695,-73.9275
4/11/2014 9:50:00,40.6742,-73.9483
4/11/2014 10:13:00,40.6791,-73.9263
4/11/2014 11:44:00,40.6694,-73.9311
4/11/2014 13:05:00,40.6761,-73.9482
4/11/2014 13:09:00,40.6796,-73.9486
4/11/2014 13:13:00,40.6795,-73.9316
4/11/2014 13:29:00,40.6777,-73.947
4/11/2014 13:40:00,40.61,-73.9485
4/11/2014 14:03:00,40.6558,-73.9444
4/11/2014 15:06:00,40.6499,-73.9254
4/11/2014 16:31:00,40.67,-73.935
4/11/2014 18:06:00,40.6783,-73.9486
4/11/2014 18:38:00,40.6765,-73.9427
4/11/2014 19:44:00,40.6773,-73.9422
Time,Lat,Lon
4/11/2014 21:06:00,40.6325,-73.9457
4/11/2014 21:14:00,40.6718,-73.9475
4/11/2014 21:47:00,40.6321,-73.9312
4/11/2014 22:31:00,40.67,-73.9342
4/11/2014 23:28:00,40.6797,-73.9364
4/12/2014 0:08:00,40.6783,-73.9251
4/12/2014 0:33:00,40.6192,-73.9237
4/12/2014 1:06:00,40.6724,-73.9478
4/12/2014 4:25:00,40.673,-73.9428
4/12/2014 5:05:00,40.6716,-73.9488
4/12/2014 6:03:00,40.6769,-73.9443
4/12/2014 8:35:00,40.6497,-73.9383
4/12/2014 8:50:00,40.6665,-73.9374
4/12/2014 10:14:00,40.6752,-73.9495
4/12/2014 11:05:00,40.6191,-73.9454
4/12/2014 11:50:00,40.6585,-73.9452
4/12/2014 12:04:00,40.6315,-73.935
4/12/2014 12:34:00,40.6688,-73.9496
4/12/2014 12:35:00,40.6707,-73.949
4/12/2014 14:13:00,40.6543,-73.9308
4/12/2014 14:25:00,40.6216,-73.9291
4/12/2014 15:33:00,40.6767,-73.9472
4/12/2014 16:15:00,40.6388,-73.9261
4/12/2014 18:53:00,40.6732,-73.9363
4/12/2014 19:03:00,40.6593,-73.9302
4/12/2014 19:11:00,40.6143,-73.948
4/12/2014 19:40:00,40.677,-73.9416
4/12/2014 19:44:00,40.6608,-73.9314
4/12/2014 19:50:00,40.6743,-73.9496
4/12/2014 21:22:00,40.6108,-73.9225
4/12/2014 22:01:00,40.6791,-73.9235
4/12/2014 22:40:00,40.679,-73.9244
4/12/2014 22:56:00,40.6738,-73.94
4/12/2014 22:57:00,40.6764,-73.9359
4/12/2014 23:12:00,40.6567,-73.9244
4/13/2014 1:05:00,40.6614,-73.9419
4/13/2014 1:32:00,40.6719,-73.9374
4/13/2014 3:20:00,40.628,-73.9211
4/13/2014 5:26:00,40.6655,-73.9342
4/13/2014 8:20:00,40.6718,-73.9336
4/13/2014 8:28:00,40.6688,-73.9474
4/13/2014 9:10:00,40.6684,-73.9478
4/13/2014 9:54:00,40.6616,-73.9281
4/13/2014 9:54:00,40.6757,-73.9219
4/13/2014 10:17:00,40.6628,-73.9437
4/13/2014 10:27:00,40.6623,-73.9244
4/13/2014 11:32:00,40.6749,-73.9447
4/13/2014 12:29:00,40.6624,-73.9494
4/13/2014 12:42:00,40.6654,-73.9327
4/13/2014 13:15:00,40.6069,-73.9478
4/13/2014 13:42:00,40.6679,-73.9423
4/13/2014 13:55:00,40.6763,-73.9443
4/13/2014 14:00:00,40.6665,-73.9375
4/13/2014 14:18:00,40.6689,-73.9368
4/13/2014 14:59:00,40.6613,-73.9428
4/13/2014 15:22:00,40.6717,-73.9351
4/13/2014 16:38:00,40.6577,-73.9451
4/13/2014 17:14:00,40.6742,-73.9483
4/13/2014 17:29:00,40.6523,-73.9439
4/13/2014 19:29:00,40.6449,-73.9213
4/13/2014 19:33:00,40.6447,-73.9222
4/13/2014 20:15:00,40.6679,-73.9488
4/13/2014 21:27:00,40.6636,-73.933
4/13/2014 22:31:00,40.6707,-73.949
4/14/2014 3:46:00,40.6655,-73.9345
4/14/2014 5:55:00,40.6731,-73.9421
4/14/2014 5:58:00,40.6416,-73.9246
4/14/2014 7:09:00,40.6767,-73.9473
4/14/2014 7:10:00,40.6161,-73.9227
4/14/2014 7:28:00,40.675,-73.9469
4/14/2014 8:30:00,40.6445,-73.946
4/14/2014 8:38:00,40.6511,-73.9477
4/14/2014 8:46:00,40.6686,-73.9479
4/14/2014 9:48:00,40.6759,-73.943
4/14/2014 11:32:00,40.6707,-73.949
4/14/2014 13:17:00,40.6102,-73.9218
4/14/2014 13:33:00,40.6535,-73.9208
4/14/2014 14:02:00,40.6743,-73.9496
4/14/2014 14:06:00,40.6707,-73.9492
4/14/2014 15:39:00,40.6754,-73.9498
4/14/2014 16:59:00,40.6639,-73.9389
4/14/2014 17:00:00,40.6545,-73.9445
4/14/2014 17:58:00,40.6547,-73.9443
4/14/2014 18:44:00,40.6593,-73.9396
4/14/2014 21:03:00,40.6766,-73.9359
4/14/2014 22:06:00,40.667,-73.9474
4/15/2014 1:57:00,40.6614,-73.9419
4/15/2014 2:58:00,40.6247,-73.9465
4/15/2014 3:33:00,40.6793,-73.9262
4/15/2014 6:57:00,40.6362,-73.9217
4/15/2014 7:14:00,40.6731,-73.9286
4/15/2014 7:33:00,40.6363,-73.9499
4/15/2014 8:22:00,40.6177,-73.9461
4/15/2014 8:39:00,40.6443,-73.946
4/15/2014 10:18:00,40.6319,-73.9451
4/15/2014 10:39:00,40.6332,-73.948
4/15/2014 11:21:00,40.6635,-73.945
4/15/2014 13:23:00,40.673,-73.9434
4/15/2014 13:31:00,40.6263,-73.943
4/15/2014 14:46:00,40.6732,-73.9418
4/15/2014 15:22:00,40.6764,-73.9269
4/15/2014 19:01:00,40.6036,-73.9492
4/15/2014 21:53:00,40.6769,-73.9352
4/15/2014 22:54:00,40.6794,-73.9385
4/15/2014 23:03:00,40.6707,-73.9492
4/15/2014 23:08:00,40.606,-73.9488
4/16/2014 2:04:00,40.6582,-73.9329
4/16/2014 4:09:00,40.6723,-73.9468
4/16/2014 6:52:00,40.6286,-73.9385
4/16/2014 7:51:00,40.6324,-73.9437
4/16/2014 8:39:00,40.6761,-73.9353
4/16/2014 9:00:00,40.6677,-73.9295
4/16/2014 10:18:00,40.6482,-73.9445
4/16/2014 10:30:00,40.659,-73.9244
4/16/2014 13:58:00,40.6765,-73.936
4/16/2014 14:17:00,40.6565,-73.9203
4/16/2014 16:51:00,40.6776,-73.9209
4/16/2014 17:18:00,40.6516,-73.9236
4/16/2014 17:37:00,40.6733,-73.9297
4/16/2014 17:45:00,40.6741,-73.9454
4/16/2014 18:32:00,40.6775,-73.9464
4/16/2014 19:34:00,40.6744,-73.9474
4/16/2014 21:28:00,40.6546,-73.9433
4/16/2014 21:52:00,40.6217,-73.9292
4/16/2014 21:53:00,40.6771,-73.9241
4/17/2014 5:36:00,40.6487,-73.9474
4/17/2014 6:42:00,40.6717,-73.9358
4/17/2014 7:14:00,40.6732,-73.9287
4/17/2014 7:27:00,40.6495,-73.9465
4/17/2014 8:21:00,40.6717,-73.9349
4/17/2014 10:01:00,40.6509,-73.9429
4/17/2014 10:12:00,40.6241,-73.9275
4/17/2014 10:13:00,40.6792,-73.9206
4/17/2014 11:59:00,40.6738,-73.9399
4/17/2014 13:35:00,40.6341,-73.9411
4/17/2014 14:06:00,40.6742,-73.9418
4/17/2014 15:48:00,40.6488,-73.9493
4/17/2014 16:02:00,40.6789,-73.936
4/17/2014 17:59:00,40.6764,-73.9443
4/17/2014 18:44:00,40.6623,-73.9214
4/17/2014 19:30:00,40.6327,-73.9457
4/17/2014 19:58:00,40.6218,-73.9292
4/17/2014 20:16:00,40.6682,-73.9382
4/17/2014 22:48:00,40.6637,-73.9317
4/18/2014 0:15:00,40.6648,-73.927
4/18/2014 0:36:00,40.6651,-73.9261
4/18/2014 3:04:00,40.6561,-73.9435
4/18/2014 3:09:00,40.6789,-73.9359
4/18/2014 4:00:00,40.673,-73.9435
4/18/2014 4:44:00,40.6535,-73.9366
4/18/2014 5:26:00,40.6783,-73.9486
4/18/2014 6:20:00,40.6752,-73.9362
4/18/2014 7:07:00,40.6731,-73.9287
4/18/2014 9:06:00,40.6704,-73.9338
4/18/2014 9:47:00,40.6515,-73.9332
4/18/2014 10:07:00,40.6798,-73.9378
4/18/2014 12:47:00,40.669,-73.9305
4/18/2014 13:10:00,40.6734,-73.9363
4/18/2014 17:12:00,40.6565,-73.9204
4/18/2014 17:52:00,40.6773,-73.9427
4/18/2014 18:17:00,40.6195,-73.928
4/18/2014 18:29:00,40.6564,-73.927
4/18/2014 18:39:00,40.6543,-73.9484
4/18/2014 18:54:00,40.6517,-73.9401
4/18/2014 20:46:00,40.6714,-73.9469
4/18/2014 21:01:00,40.6761,-73.9499
4/18/2014 21:32:00,40.6686,-73.9479
4/18/2014 22:28:00,40.6362,-73.949
4/18/2014 23:03:00,40.6517,-73.9294
4/18/2014 23:31:00,40.6623,-73.9213
4/18/2014 23:35:00,40.645,-73.9215
4/18/2014 23:44:00,40.6723,-73.9447
4/19/2014 0:16:00,40.6642,-73.9457
4/19/2014 3:01:00,40.6255,-73.9276
4/19/2014 3:16:00,40.6707,-73.9317
4/19/2014 3:53:00,40.6789,-73.9359
4/19/2014 6:58:00,40.6701,-73.9359
4/19/2014 8:19:00,40.6776,-73.9488
4/19/2014 8:48:00,40.6776,-73.9498
4/19/2014 9:42:00,40.6615,-73.9234
4/19/2014 13:51:00,40.6795,-73.9411
4/19/2014 14:37:00,40.6332,-73.9477
4/19/2014 15:11:00,40.6159,-73.9246
4/19/2014 16:10:00,40.6669,-73.9314
4/19/2014 16:27:00,40.6629,-73.9423
4/19/2014 17:06:00,40.6706,-73.9449
4/19/2014 17:14:00,40.6528,-73.948
4/19/2014 17:31:00,40.647,-73.9465
4/19/2014 17:48:00,40.6315,-73.9464
4/19/2014 18:57:00,40.6732,-73.9307
4/19/2014 19:45:00,40.6692,-73.9311
4/19/2014 19:45:00,40.6692,-73.9311
4/19/2014 20:55:00,40.6513,-73.9496
4/19/2014 21:28:00,40.6766,-73.9415
4/19/2014 22:01:00,40.6605,-73.9323
4/19/2014 23:41:00,40.676,-73.9476
4/20/2014 0:04:00,40.6648,-73.9394
4/20/2014 3:05:00,40.639,-73.9291
4/20/2014 3:49:00,40.6774,-73.9319
4/20/2014 4:31:00,40.6685,-73.9478
4/20/2014 7:04:00,40.6754,-73.937
4/20/2014 7:46:00,40.6726,-73.9252
4/20/2014 8:01:00,40.6679,-73.9455
4/20/2014 9:13:00,40.6618,-73.9279
4/20/2014 9:23:00,40.6774,-73.9386
4/20/2014 9:34:00,40.6361,-73.949
4/20/2014 9:40:00,40.669,-73.9497
4/20/2014 10:20:00,40.6714,-73.9466
4/20/2014 11:35:00,40.6743,-73.9498
4/20/2014 11:53:00,40.6688,-73.927
4/20/2014 12:08:00,40.676,-73.9479
4/20/2014 12:59:00,40.649,-73.9484
4/20/2014 13:19:00,40.6542,-73.9488
4/20/2014 13:25:00,40.6172,-73.9296
4/20/2014 13:41:00,40.6524,-73.9401
4/20/2014 14:05:00,40.6542,-73.949
4/20/2014 15:16:00,40.6739,-73.9473
4/20/2014 15:46:00,40.6554,-73.925
4/20/2014 19:01:00,40.6707,-73.9317
4/20/2014 19:05:00,40.6764,-73.9275
4/20/2014 19:08:00,40.6795,-73.9475
4/20/2014 19:27:00,40.6776,-73.9488
4/20/2014 19:44:00,40.6725,-73.9447
4/20/2014 20:21:00,40.6731,-73.9272
4/20/2014 20:45:00,40.6556,-73.9276
4/20/2014 20:49:00,40.6641,-73.9297
4/20/2014 21:34:00,40.6381,-73.9261
4/21/2014 0:03:00,40.6778,-73.9498
4/21/2014 0:07:00,40.6339,-73.9285
4/21/2014 4:11:00,40.6781,-73.9205
4/21/2014 5:45:00,40.6628,-73.944
4/21/2014 6:18:00,40.6313,-73.935
4/21/2014 7:34:00,40.6715,-73.9318
4/21/2014 7:51:00,40.6515,-73.9356
4/21/2014 9:34:00,40.6175,-73.9462
4/21/2014 10:50:00,40.6798,-73.9382
4/21/2014 13:06:00,40.6742,-73.9487
4/21/2014 13:59:00,40.6732,-73.9462
4/21/2014 15:34:00,40.6705,-73.9444
4/21/2014 15:53:00,40.6624,-73.9366
4/21/2014 16:15:00,40.6786,-73.9413
4/21/2014 17:29:00,40.6607,-73.9408
4/21/2014 21:25:00,40.6734,-73.9491
4/21/2014 22:22:00,40.6694,-73.9283
4/22/2014 0:58:00,40.6594,-73.9247
4/22/2014 4:29:00,40.6535,-73.9367
4/22/2014 5:12:00,40.6781,-73.9204
4/22/2014 5:15:00,40.6319,-73.9441
4/22/2014 5:41:00,40.6747,-73.9412
4/22/2014 9:09:00,40.6688,-73.9478
4/22/2014 9:50:00,40.6675,-73.9368
4/22/2014 9:58:00,40.6757,-73.9424
4/22/2014 11:41:00,40.6434,-73.9285
4/22/2014 12:15:00,40.6588,-73.9454
4/22/2014 13:48:00,40.6706,-73.9483
4/22/2014 15:53:00,40.6564,-73.9481
4/22/2014 15:55:00,40.6541,-73.9307
4/22/2014 17:14:00,40.6749,-73.9449
4/22/2014 18:02:00,40.6545,-73.924
4/22/2014 18:40:00,40.673,-73.9266
4/22/2014 19:29:00,40.6768,-73.9478
4/22/2014 19:35:00,40.6776,-73.9489
4/22/2014 19:37:00,40.6614,-73.9282
4/22/2014 20:50:00,40.6533,-73.9285
4/22/2014 21:56:00,40.6743,-73.9496
4/22/2014 23:53:00,40.6683,-73.9398
4/23/2014 1:54:00,40.6615,-73.9278
4/23/2014 4:17:00,40.6238,-73.9316
4/23/2014 4:29:00,40.6535,-73.9367
4/23/2014 5:26:00,40.6466,-73.9259
4/23/2014 5:48:00,40.668,-73.9484
4/23/2014 6:20:00,40.6712,-73.9264
4/23/2014 6:22:00,40.6775,-73.9474
4/23/2014 6:26:00,40.6257,-73.9447
4/23/2014 9:00:00,40.662,-73.9439
4/23/2014 9:12:00,40.6141,-73.9464
4/23/2014 9:57:00,40.6493,-73.9438
4/23/2014 10:17:00,40.6775,-73.9465
4/23/2014 10:58:00,40.6495,-73.9465
4/23/2014 12:40:00,40.676,-73.9483
4/23/2014 12:46:00,40.6249,-73.9393
4/23/2014 14:00:00,40.6631,-73.9393
4/23/2014 14:39:00,40.6633,-73.9266
4/23/2014 14:47:00,40.6442,-73.9358
4/23/2014 15:45:00,40.6681,-73.9257
4/23/2014 16:36:00,40.6543,-73.9441
4/23/2014 17:14:00,40.6765,-73.9499
4/23/2014 18:46:00,40.6542,-73.9487
4/23/2014 19:35:00,40.6796,-73.9361
4/23/2014 20:12:00,40.6535,-73.9367
4/23/2014 21:23:00,40.6781,-73.9498
4/23/2014 21:24:00,40.6718,-73.9357
4/23/2014 22:07:00,40.6593,-73.9246
4/23/2014 22:09:00,40.6377,-73.9328
4/23/2014 22:34:00,40.6299,-73.9464
4/24/2014 2:49:00,40.6472,-73.9202
4/24/2014 4:13:00,40.673,-73.9435
4/24/2014 4:54:00,40.6661,-73.9318
4/24/2014 6:30:00,40.6314,-73.935
4/24/2014 6:33:00,40.6688,-73.927
4/24/2014 6:55:00,40.6716,-73.949
4/24/2014 7:03:00,40.6613,-73.9455
4/24/2014 7:11:00,40.6707,-73.9315
4/24/2014 8:37:00,40.608,-73.9269
4/24/2014 9:04:00,40.6334,-73.9459
4/24/2014 10:35:00,40.6564,-73.948
4/24/2014 10:55:00,40.6742,-73.9278
4/24/2014 10:55:00,40.6624,-73.9371
4/24/2014 11:37:00,40.6436,-73.9412
4/24/2014 12:12:00,40.6719,-73.9335
4/24/2014 12:28:00,40.6158,-73.945
4/24/2014 13:13:00,40.6563,-73.9494
4/24/2014 13:24:00,40.6797,-73.9287
4/24/2014 13:33:00,40.6743,-73.9417
4/24/2014 13:54:00,40.6688,-73.9281
4/24/2014 14:35:00,40.6564,-73.9494
4/24/2014 15:04:00,40.6648,-73.9454
4/24/2014 17:38:00,40.6773,-73.9424
4/24/2014 18:54:00,40.6796,-73.9478
4/24/2014 19:07:00,40.6638,-73.9365
4/24/2014 19:37:00,40.6625,-73.9364
4/24/2014 20:36:00,40.6326,-73.9317
4/24/2014 21:48:00,40.6731,-73.9286
4/24/2014 21:53:00,40.6562,-73.943
4/24/2014 21:54:00,40.6744,-73.9473
4/24/2014 22:18:00,40.6714,-73.9442
4/24/2014 22:27:00,40.633,-73.948
4/25/2014 2:43:00,40.6666,-73.9401
4/25/2014 4:25:00,40.6535,-73.9367
4/25/2014 5:02:00,40.6748,-73.9423
4/25/2014 5:35:00,40.6675,-73.9399
4/25/2014 7:59:00,40.6486,-73.9262
4/25/2014 8:15:00,40.6748,-73.9397
4/25/2014 9:14:00,40.659,-73.9243
4/25/2014 9:29:00,40.6429,-73.9245
4/25/2014 10:09:00,40.6695,-73.9472
4/25/2014 10:46:00,40.6344,-73.9491
4/25/2014 11:32:00,40.6702,-73.9232
4/25/2014 13:45:00,40.6574,-73.9281
4/25/2014 14:02:00,40.6773,-73.927
4/25/2014 14:20:00,40.6642,-73.9458
4/25/2014 14:20:00,40.6493,-73.9282
4/25/2014 14:55:00,40.6774,-73.9422
4/25/2014 16:23:00,40.6543,-73.9471
4/25/2014 16:59:00,40.6612,-73.928
4/25/2014 18:12:00,40.6556,-73.9468
4/25/2014 18:26:00,40.6798,-73.9412
4/25/2014 20:09:00,40.6278,-73.921
4/25/2014 20:59:00,40.673,-73.9428
4/25/2014 21:34:00,40.6528,-73.9276
4/25/2014 22:14:00,40.6765,-73.936
4/25/2014 22:26:00,40.671,-73.9375
4/25/2014 23:23:00,40.6794,-73.9412
4/25/2014 23:26:00,40.6777,-73.9497
4/25/2014 23:38:00,40.6729,-73.9422
4/25/2014 23:47:00,40.6544,-73.9355
4/25/2014 23:48:00,40.6725,-73.9252
4/25/2014 23:52:00,40.6797,-73.9363
4/26/2014 0:08:00,40.6734,-73.9327
4/26/2014 0:13:00,40.675,-73.9457
4/26/2014 0:16:00,40.6792,-73.9272
4/26/2014 0:16:00,40.6792,-73.9272
4/26/2014 0:34:00,40.6327,-73.9476
4/26/2014 2:04:00,40.6798,-73.9393
4/26/2014 5:42:00,40.6708,-73.9352
4/26/2014 5:45:00,40.6708,-73.9358
4/26/2014 6:07:00,40.6534,-73.937
4/26/2014 6:11:00,40.678,-73.9204
4/26/2014 7:02:00,40.6795,-73.9327
4/26/2014 7:10:00,40.6528,-73.9276
4/26/2014 8:04:00,40.6493,-73.9282
4/26/2014 8:32:00,40.6785,-73.9217
4/26/2014 8:42:00,40.6775,-73.9463
4/26/2014 8:55:00,40.63,-73.9386
4/26/2014 9:13:00,40.6523,-73.9353
4/26/2014 9:39:00,40.6713,-73.9392
4/26/2014 10:10:00,40.6771,-73.9396
4/26/2014 11:12:00,40.6786,-73.9298
4/26/2014 11:52:00,40.6679,-73.9227
4/26/2014 12:43:00,40.6776,-73.9486
4/26/2014 13:40:00,40.662,-73.9438
4/26/2014 14:15:00,40.6739,-73.9252
4/26/2014 14:46:00,40.6765,-73.9415
4/26/2014 14:55:00,40.6742,-73.9494
4/26/2014 15:10:00,40.6794,-73.9314
4/26/2014 15:15:00,40.6799,-73.9407
4/26/2014 15:28:00,40.6783,-73.9443
4/26/2014 15:30:00,40.6773,-73.9423
4/26/2014 18:01:00,40.6688,-73.9305
4/26/2014 18:07:00,40.6741,-73.9458
Time,Lat,Lon
4/26/2014 18:23:00,40.676,-73.9486
4/26/2014 18:46:00,40.6675,-73.9393
4/26/2014 19:16:00,40.6729,-73.9408
4/26/2014 20:37:00,40.6373,-73.9316
4/26/2014 21:05:00,40.6707,-73.9326
4/26/2014 21:40:00,40.6711,-73.9365
4/26/2014 21:50:00,40.6687,-73.927
4/26/2014 21:52:00,40.6773,-73.9254
4/26/2014 21:57:00,40.6743,-73.9498
4/26/2014 22:11:00,40.658,-73.9281
4/26/2014 22:50:00,40.674,-73.939
4/26/2014 22:53:00,40.6773,-73.9387
4/26/2014 23:05:00,40.6243,-73.9416
4/26/2014 23:06:00,40.6763,-73.9499
4/26/2014 23:15:00,40.6082,-73.9421
4/26/2014 23:44:00,40.6527,-73.9497
4/26/2014 23:48:00,40.6362,-73.9495
4/27/2014 0:32:00,40.6776,-73.9489
4/27/2014 0:44:00,40.645,-73.9211
4/27/2014 0:55:00,40.6787,-73.9333
4/27/2014 1:18:00,40.674,-73.9473
4/27/2014 1:29:00,40.6784,-73.9498
4/27/2014 1:32:00,40.6784,-73.9498
4/27/2014 1:57:00,40.6784,-73.9498
4/27/2014 2:00:00,40.6614,-73.9415
4/27/2014 2:14:00,40.6784,-73.9497
4/27/2014 2:16:00,40.6651,-73.9462
4/27/2014 2:23:00,40.6782,-73.9497
4/27/2014 2:32:00,40.6784,-73.9499
4/27/2014 2:32:00,40.6784,-73.9497
4/27/2014 2:41:00,40.6795,-73.9476
4/27/2014 2:43:00,40.6717,-73.9356
4/27/2014 2:49:00,40.6783,-73.9497
4/27/2014 2:50:00,40.6694,-73.9247
4/27/2014 3:07:00,40.6783,-73.9497
4/27/2014 3:22:00,40.6772,-73.9498
4/27/2014 3:48:00,40.6751,-73.9472
4/27/2014 6:30:00,40.6713,-73.9391
4/27/2014 7:10:00,40.674,-73.9473
4/27/2014 7:24:00,40.6732,-73.9287
4/27/2014 8:43:00,40.6298,-73.9252
4/27/2014 9:09:00,40.6677,-73.944
4/27/2014 9:18:00,40.6545,-73.9465
4/27/2014 10:17:00,40.6758,-73.9445
4/27/2014 11:14:00,40.6792,-73.9275
4/27/2014 12:43:00,40.6687,-73.946
4/27/2014 12:53:00,40.6755,-73.9305
4/27/2014 14:46:00,40.673,-73.9335
4/27/2014 15:19:00,40.6793,-73.9286
4/27/2014 16:08:00,40.6537,-73.947
4/27/2014 16:56:00,40.6797,-73.9364
4/27/2014 17:10:00,40.6303,-73.945
4/27/2014 17:41:00,40.6711,-73.9249
4/27/2014 17:44:00,40.6686,-73.9446
4/27/2014 18:53:00,40.6005,-73.9418
4/27/2014 18:54:00,40.6495,-73.9466
4/27/2014 18:58:00,40.6752,-73.9495
4/27/2014 19:16:00,40.6625,-73.949
4/27/2014 19:51:00,40.6778,-73.9388
4/27/2014 20:09:00,40.662,-73.9436
4/27/2014 20:26:00,40.6653,-73.9326
4/27/2014 22:51:00,40.6545,-73.9439
4/27/2014 23:26:00,40.6773,-73.9496
4/27/2014 23:45:00,40.6691,-73.9399
4/27/2014 23:53:00,40.6175,-73.9433
4/28/2014 0:12:00,40.6449,-73.9213
4/28/2014 3:40:00,40.675,-73.9471
4/28/2014 4:29:00,40.6535,-73.9366
4/28/2014 5:45:00,40.6628,-73.9438
4/28/2014 5:47:00,40.6418,-73.9245
4/28/2014 6:04:00,40.636,-73.948
4/28/2014 7:01:00,40.6522,-73.9353
4/28/2014 7:58:00,40.6554,-73.9228
4/28/2014 10:15:00,40.6741,-73.9418
4/28/2014 10:27:00,40.6391,-73.9261
4/28/2014 10:33:00,40.6539,-73.9273
4/28/2014 11:09:00,40.6648,-73.9407
4/28/2014 11:38:00,40.643,-73.9245
4/28/2014 11:55:00,40.6793,-73.9301
4/28/2014 12:10:00,40.6727,-73.9378
4/28/2014 12:32:00,40.6674,-73.9366
4/28/2014 12:35:00,40.6687,-73.9463
4/28/2014 12:48:00,40.6267,-73.9469
4/28/2014 13:21:00,40.6733,-73.9469
4/28/2014 14:18:00,40.6601,-73.9281
4/28/2014 15:58:00,40.6687,-73.945
4/28/2014 16:48:00,40.6544,-73.9463
4/28/2014 16:57:00,40.6625,-73.9362
4/28/2014 17:59:00,40.6304,-73.948
4/28/2014 18:28:00,40.6764,-73.9499
4/28/2014 19:43:00,40.6401,-73.9458
4/28/2014 20:07:00,40.6781,-73.9444
4/28/2014 21:09:00,40.6703,-73.9426
4/28/2014 22:12:00,40.6582,-73.9282
4/28/2014 22:44:00,40.6785,-73.949
4/29/2014 3:10:00,40.6708,-73.935
4/29/2014 4:33:00,40.6535,-73.9367
4/29/2014 6:26:00,40.6541,-73.9261
4/29/2014 7:03:00,40.6688,-73.9269
4/29/2014 7:37:00,40.6232,-73.9215
4/29/2014 7:58:00,40.6687,-73.9469
4/29/2014 8:36:00,40.6555,-73.9493
4/29/2014 9:14:00,40.6703,-73.94
4/29/2014 9:21:00,40.6149,-73.9485
4/29/2014 9:40:00,40.6562,-73.9419
4/29/2014 10:07:00,40.6316,-73.9481
4/29/2014 12:37:00,40.6779,-73.9383
4/29/2014 13:13:00,40.6761,-73.9366
4/29/2014 13:15:00,40.6766,-73.9453
4/29/2014 13:25:00,40.6558,-73.9435
4/29/2014 13:28:00,40.6545,-73.9442
4/29/2014 14:03:00,40.6494,-73.9282
4/29/2014 14:32:00,40.6539,-73.9499
4/29/2014 14:37:00,40.6652,-73.9455
4/29/2014 14:50:00,40.6629,-73.9456
4/29/2014 15:21:00,40.6789,-73.9246
4/29/2014 15:32:00,40.664,-73.9416
4/29/2014 15:37:00,40.6639,-73.9213
4/29/2014 16:34:00,40.6795,-73.9385
4/29/2014 17:25:00,40.6742,-73.9483
4/29/2014 18:42:00,40.6785,-73.9482
4/29/2014 19:51:00,40.673,-73.9435
4/29/2014 21:04:00,40.6576,-73.9227
4/29/2014 21:25:00,40.6729,-73.9242
4/29/2014 21:51:00,40.6682,-73.9376
4/29/2014 23:19:00,40.6275,-73.9404
4/29/2014 23:21:00,40.6313,-73.9474
4/30/2014 0:45:00,40.6611,-73.9266
4/30/2014 4:05:00,40.6747,-73.9395
4/30/2014 4:22:00,40.6606,-73.9248
4/30/2014 5:47:00,40.6724,-73.9313
4/30/2014 5:48:00,40.6675,-73.94
4/30/2014 6:17:00,40.6678,-73.9454
4/30/2014 7:19:00,40.6751,-73.9458
4/30/2014 8:11:00,40.6452,-73.9474
4/30/2014 8:23:00,40.6734,-73.9307
4/30/2014 9:05:00,40.6515,-73.9355
4/30/2014 9:12:00,40.6682,-73.9479
4/30/2014 10:39:00,40.6672,-73.9344
4/30/2014 11:05:00,40.6381,-73.9453
4/30/2014 12:11:00,40.6729,-73.9233
4/30/2014 12:11:00,40.6729,-73.9233
4/30/2014 12:40:00,40.6713,-73.9436
4/30/2014 12:43:00,40.6605,-73.9325
4/30/2014 12:54:00,40.61,-73.9437
4/30/2014 13:17:00,40.6719,-73.9237
4/30/2014 13:29:00,40.6638,-73.9374
4/30/2014 14:01:00,40.6682,-73.9383
4/30/2014 14:17:00,40.6641,-73.9434
4/30/2014 16:03:00,40.6545,-73.9446
4/30/2014 16:16:00,40.6167,-73.9404
4/30/2014 16:23:00,40.6758,-73.9438
4/30/2014 16:44:00,40.6291,-73.9477
4/30/2014 17:23:00,40.6454,-73.9467
4/30/2014 18:22:00,40.6774,-73.9452
4/30/2014 18:33:00,40.6781,-73.9451
4/30/2014 18:52:00,40.6692,-73.9344
4/30/2014 19:24:00,40.6529,-73.9344
4/30/2014 19:35:00,40.6775,-73.9302
4/30/2014 19:36:00,40.6585,-73.9475
4/30/2014 19:53:00,40.6747,-73.9388
4/30/2014 20:45:00,40.6319,-73.9477
4/30/2014 21:01:00,40.6634,-73.9336
4/30/2014 21:06:00,40.6009,-73.9374
4/30/2014 21:28:00,40.6608,-73.9395
4/30/2014 21:30:00,40.601,-73.9377
4/30/2014 22:33:00,40.6493,-73.944
4/30/2014 23:18:00,40.6246,-73.9245
4/30/2014 23:21:00,40.6692,-73.934
4/1/2014 5:54:00,40.6758,-73.9297
4/1/2014 8:39:00,40.6584,-73.934
4/1/2014 9:44:00,40.6741,-73.9464
4/1/2014 12:03:00,40.6569,-73.929
4/1/2014 13:06:00,40.6625,-73.9363
4/1/2014 13:34:00,40.613,-73.9494
4/1/2014 16:05:00,40.6706,-73.9365
4/1/2014 17:12:00,40.6676,-73.9396
4/1/2014 19:55:00,40.6605,-73.9312
4/1/2014 21:07:00,40.6545,-73.9463
4/1/2014 23:42:00,40.6166,-73.9304
4/2/2014 0:47:00,40.6752,-73.9475
4/2/2014 1:08:00,40.6605,-73.9446
4/2/2014 2:15:00,40.6325,-73.9336
4/2/2014 3:39:00,40.6492,-73.9311
4/2/2014 4:02:00,40.6782,-73.9202
4/2/2014 4:50:00,40.6313,-73.935
4/2/2014 6:15:00,40.6518,-73.9401
4/2/2014 9:16:00,40.6224,-73.9337
4/2/2014 10:32:00,40.6691,-73.9421
4/2/2014 10:52:00,40.6632,-73.9365
4/2/2014 11:14:00,40.6773,-73.942
4/2/2014 11:40:00,40.6186,-73.9426
4/2/2014 13:26:00,40.6603,-73.9323
4/2/2014 13:48:00,40.6265,-73.9209
4/2/2014 18:39:00,40.6673,-73.9371
4/2/2014 19:45:00,40.6298,-73.9388
4/2/2014 21:05:00,40.664,-73.9395
4/2/2014 22:32:00,40.6627,-73.947
4/2/2014 23:56:00,40.6678,-73.9311
4/3/2014 5:50:00,40.6763,-73.9443
4/3/2014 6:30:00,40.6768,-73.9487
4/3/2014 9:05:00,40.6781,-73.945
4/3/2014 10:12:00,40.6783,-73.9486
4/3/2014 10:20:00,40.6269,-73.9354
4/3/2014 13:14:00,40.6772,-73.942
4/3/2014 13:46:00,40.6625,-73.9364
4/3/2014 13:58:00,40.6689,-73.9373
4/3/2014 14:22:00,40.6639,-73.9391
4/3/2014 15:47:00,40.6785,-73.933
4/3/2014 17:21:00,40.6679,-73.9328
4/3/2014 19:10:00,40.6687,-73.9463
4/3/2014 19:29:00,40.6192,-73.9418
4/3/2014 20:41:00,40.6678,-73.9312
4/3/2014 20:43:00,40.6421,-73.9458
4/3/2014 21:52:00,40.6001,-73.935
4/3/2014 22:25:00,40.6658,-73.9425
4/3/2014 22:53:00,40.6175,-73.9462
4/4/2014 0:05:00,40.6243,-73.9426
4/4/2014 7:26:00,40.6703,-73.9476
4/4/2014 11:17:00,40.6555,-73.9424
4/4/2014 11:18:00,40.6448,-73.9298
4/4/2014 12:28:00,40.6642,-73.9445
4/4/2014 13:13:00,40.6621,-73.9439
4/4/2014 13:30:00,40.6541,-73.9262
4/4/2014 14:52:00,40.6763,-73.9402
4/4/2014 15:02:00,40.6748,-73.9444
4/4/2014 16:32:00,40.6601,-73.9312
4/4/2014 17:33:00,40.6624,-73.9495
4/4/2014 18:59:00,40.6753,-73.9417
4/4/2014 20:56:00,40.6697,-73.9289
4/4/2014 21:27:00,40.6511,-73.9446
4/4/2014 21:44:00,40.6634,-73.9359
4/4/2014 22:47:00,40.6689,-73.9379
4/4/2014 23:23:00,40.6777,-73.9499
4/5/2014 0:28:00,40.6779,-73.9498
4/5/2014 0:34:00,40.6709,-73.9374
4/5/2014 1:54:00,40.6759,-73.9499
4/5/2014 2:22:00,40.617,-73.9308
4/5/2014 6:08:00,40.6176,-73.9462
4/5/2014 8:00:00,40.6796,-73.9344
4/5/2014 8:05:00,40.6795,-73.9333
4/5/2014 8:34:00,40.6794,-73.9316
4/5/2014 9:26:00,40.6786,-73.9485
4/5/2014 9:29:00,40.6777,-73.9386
4/5/2014 10:02:00,40.6741,-73.9418
4/5/2014 11:40:00,40.6796,-73.9352
4/5/2014 14:03:00,40.6797,-73.9314
4/5/2014 17:17:00,40.6674,-73.9231
4/5/2014 17:19:00,40.6748,-73.9409
4/5/2014 18:03:00,40.6626,-73.9478
4/5/2014 18:48:00,40.6603,-73.9483
4/5/2014 19:02:00,40.6645,-73.9211
4/5/2014 19:17:00,40.6794,-73.9413
4/5/2014 19:24:00,40.6613,-73.943
4/5/2014 21:27:00,40.6655,-73.9342
4/5/2014 21:54:00,40.6492,-73.945
4/5/2014 22:32:00,40.6781,-73.9201
4/5/2014 23:40:00,40.6749,-73.9423
4/6/2014 0:03:00,40.6791,-73.9442
4/6/2014 1:28:00,40.6695,-73.9403
4/6/2014 4:08:00,40.6765,-73.9428
4/6/2014 7:30:00,40.6721,-73.926
4/6/2014 9:33:00,40.6758,-73.945
4/6/2014 10:01:00,40.6707,-73.9497
4/6/2014 10:02:00,40.6596,-73.9488
4/6/2014 10:35:00,40.6585,-73.9387
4/6/2014 11:14:00,40.6776,-73.9463
4/6/2014 11:33:00,40.6743,-73.9486
4/6/2014 12:03:00,40.6751,-73.9477
4/6/2014 12:24:00,40.6795,-73.9288
4/6/2014 13:09:00,40.6628,-73.9438
4/6/2014 15:23:00,40.6795,-73.9322
4/6/2014 16:04:00,40.6135,-73.9454
4/6/2014 16:07:00,40.6782,-73.9476
4/6/2014 18:51:00,40.6743,-73.9495
4/6/2014 21:49:00,40.6698,-73.9435
4/6/2014 22:02:00,40.6518,-73.9401
4/6/2014 23:45:00,40.6249,-73.9207
4/7/2014 3:22:00,40.6414,-73.9467
4/7/2014 5:14:00,40.628,-73.949
4/7/2014 5:46:00,40.6788,-73.9344
4/7/2014 6:05:00,40.6314,-73.935
4/7/2014 6:40:00,40.6732,-73.9286
4/7/2014 8:32:00,40.6085,-73.9324
4/7/2014 8:58:00,40.6749,-73.9423
4/7/2014 9:23:00,40.6602,-73.9479
4/7/2014 14:18:00,40.6126,-73.9441
4/7/2014 14:42:00,40.6159,-73.9296
4/7/2014 16:15:00,40.6734,-73.9494
4/7/2014 20:21:00,40.6734,-73.9497
4/7/2014 20:25:00,40.6711,-73.9414
4/7/2014 20:36:00,40.6705,-73.9267
4/7/2014 21:13:00,40.67,-73.9351
4/7/2014 23:24:00,40.6542,-73.9486
4/8/2014 0:03:00,40.6353,-73.9264
4/8/2014 6:19:00,40.632,-73.935
4/8/2014 6:41:00,40.6546,-73.947
4/8/2014 6:45:00,40.6751,-73.9483
4/8/2014 9:30:00,40.6242,-73.9416
4/8/2014 10:56:00,40.6245,-73.946
4/8/2014 13:29:00,40.6645,-73.9487
4/8/2014 14:04:00,40.6022,-73.933
4/8/2014 15:10:00,40.6142,-73.9477
4/8/2014 16:16:00,40.6635,-73.932
4/8/2014 21:44:00,40.6733,-73.9474
4/8/2014 23:13:00,40.6778,-73.9497
4/9/2014 3:28:00,40.6212,-73.9303
4/9/2014 3:49:00,40.651,-73.9496
4/9/2014 4:44:00,40.616,-73.9358
4/9/2014 5:26:00,40.6732,-73.9418
4/9/2014 5:56:00,40.6232,-73.9215
4/9/2014 6:13:00,40.6705,-73.9458
4/9/2014 6:24:00,40.6313,-73.9349
4/9/2014 6:38:00,40.6363,-73.9269
4/9/2014 6:45:00,40.679,-73.9441
4/9/2014 7:01:00,40.6714,-73.9264
4/9/2014 11:46:00,40.677,-73.9381
4/9/2014 13:20:00,40.6205,-73.9374
4/9/2014 13:25:00,40.6678,-73.9455
4/9/2014 15:00:00,40.663,-73.948
4/9/2014 16:12:00,40.6625,-73.9357
4/9/2014 18:40:00,40.6678,-73.9304
4/9/2014 19:05:00,40.6545,-73.9445
4/9/2014 19:47:00,40.6482,-73.9445
4/9/2014 20:15:00,40.6766,-73.9443
4/10/2014 0:07:00,40.6639,-73.9455
4/10/2014 4:11:00,40.6691,-73.9398
4/10/2014 7:38:00,40.6679,-73.9465
4/10/2014 9:12:00,40.611,-73.9205
4/10/2014 11:22:00,40.676,-73.9486
4/10/2014 13:02:00,40.6703,-73.943
4/10/2014 13:20:00,40.6564,-73.949
4/10/2014 14:11:00,40.6644,-73.9401
4/10/2014 15:58:00,40.6269,-73.9461
4/10/2014 17:36:00,40.6566,-73.9279
4/10/2014 18:13:00,40.6128,-73.9262
4/10/2014 19:01:00,40.6779,-73.9237
4/10/2014 19:04:00,40.6767,-73.9208
4/10/2014 21:05:00,40.668,-73.9395
4/10/2014 21:19:00,40.6699,-73.947
4/10/2014 22:02:00,40.6578,-73.9291
4/10/2014 23:59:00,40.6664,-73.9359
4/11/2014 5:52:00,40.6236,-73.9216
4/11/2014 12:44:00,40.6656,-73.9387
4/11/2014 13:21:00,40.6794,-73.9445
4/11/2014 13:37:00,40.6624,-73.9361
4/11/2014 13:50:00,40.6675,-73.9368
4/11/2014 14:11:00,40.6623,-73.9428
4/11/2014 14:16:00,40.6772,-73.9421
4/11/2014 15:12:00,40.6748,-73.9444
4/11/2014 16:12:00,40.6706,-73.9314
4/11/2014 17:29:00,40.6543,-73.9472
4/11/2014 18:51:00,40.6486,-73.9231
4/11/2014 19:30:00,40.6185,-73.9323
4/11/2014 19:41:00,40.6741,-73.9458
4/11/2014 20:04:00,40.6333,-73.9283
4/11/2014 21:15:00,40.6742,-73.9418
4/11/2014 22:12:00,40.6093,-73.9433
4/11/2014 22:42:00,40.6723,-73.9252
4/11/2014 22:48:00,40.6557,-73.9256
4/12/2014 8:31:00,40.6632,-73.9492
4/12/2014 8:45:00,40.673,-73.9435
4/12/2014 11:29:00,40.6747,-73.9278
4/12/2014 12:11:00,40.6768,-73.9489
4/12/2014 13:45:00,40.6672,-73.9353
4/12/2014 14:16:00,40.6732,-73.9456
4/12/2014 14:23:00,40.6293,-73.925
4/12/2014 18:27:00,40.6733,-73.9479
4/12/2014 20:35:00,40.6515,-73.9236
4/12/2014 22:15:00,40.6314,-73.9475
4/12/2014 23:17:00,40.6767,-73.922
4/12/2014 23:55:00,40.6738,-73.9407
4/13/2014 1:17:00,40.6543,-73.9482
4/13/2014 6:20:00,40.6672,-73.9339
4/13/2014 6:20:00,40.6672,-73.9339
4/13/2014 6:23:00,40.6758,-73.9297
4/13/2014 7:39:00,40.6658,-73.9419
4/13/2014 9:50:00,40.6704,-73.9433
4/13/2014 10:32:00,40.6108,-73.9207
4/13/2014 10:45:00,40.6685,-73.9419
4/13/2014 12:41:00,40.6576,-73.9214
4/13/2014 12:41:00,40.676,-73.9219
4/13/2014 12:46:00,40.6793,-73.9315
4/13/2014 13:59:00,40.6525,-73.9222
4/13/2014 14:33:00,40.6659,-73.944
4/13/2014 14:54:00,40.6746,-73.9445
4/13/2014 15:24:00,40.6735,-73.9498
4/13/2014 16:03:00,40.6653,-73.9484
4/13/2014 16:24:00,40.6701,-73.9383
4/13/2014 16:25:00,40.6707,-73.949
4/13/2014 16:43:00,40.6686,-73.932
4/13/2014 21:08:00,40.6794,-73.9445
4/14/2014 1:32:00,40.6725,-73.9317
4/14/2014 10:55:00,40.678,-73.9377
4/14/2014 11:52:00,40.6741,-73.9452
4/14/2014 14:02:00,40.6707,-73.9492
4/14/2014 14:10:00,40.6747,-73.9236
4/14/2014 14:16:00,40.6776,-73.9486
4/14/2014 16:20:00,40.6726,-73.9344
4/14/2014 16:49:00,40.6546,-73.9443
4/14/2014 18:52:00,40.6524,-73.9353
4/14/2014 21:19:00,40.6756,-73.9403
4/14/2014 23:33:00,40.6678,-73.9305
4/14/2014 23:44:00,40.6732,-73.9287
4/15/2014 0:20:00,40.67,-73.9493
4/15/2014 4:48:00,40.6535,-73.9366
4/15/2014 6:09:00,40.6763,-73.9443
4/15/2014 7:13:00,40.6616,-73.9388
4/15/2014 10:16:00,40.6166,-73.9441
4/15/2014 13:51:00,40.622,-73.9291
4/15/2014 15:53:00,40.6598,-73.9228
4/15/2014 18:52:00,40.6785,-73.949
4/15/2014 19:27:00,40.6628,-73.9438
4/15/2014 21:03:00,40.6197,-73.9211
Time,Lat,Lon
4/15/2014 23:50:00,40.6747,-73.9412
4/16/2014 1:15:00,40.6446,-73.9268
4/16/2014 1:35:00,40.6797,-73.9374
4/16/2014 2:18:00,40.6164,-73.9301
4/16/2014 5:51:00,40.6593,-73.9292
4/16/2014 6:19:00,40.6517,-73.94
4/16/2014 7:32:00,40.673,-73.942
4/16/2014 12:44:00,40.6125,-73.927
4/16/2014 16:26:00,40.679,-73.9497
4/16/2014 17:48:00,40.6014,-73.9344
4/16/2014 19:41:00,40.6795,-73.9384
4/16/2014 22:05:00,40.6078,-73.9491
4/16/2014 22:37:00,40.6722,-73.9438
4/16/2014 23:37:00,40.6678,-73.9304
4/17/2014 0:11:00,40.6239,-73.9386
4/17/2014 5:27:00,40.6797,-73.9378
4/17/2014 5:47:00,40.6615,-73.9281
4/17/2014 8:32:00,40.6611,-73.9427
4/17/2014 9:13:00,40.6586,-73.9388
4/17/2014 9:39:00,40.66,-73.9323
4/17/2014 11:03:00,40.6745,-73.9445
4/17/2014 14:11:00,40.6308,-73.9379
4/17/2014 15:12:00,40.6781,-73.9206
4/17/2014 15:37:00,40.6459,-73.9471
4/17/2014 16:20:00,40.669,-73.9304
4/17/2014 21:02:00,40.6486,-73.9204
4/17/2014 21:37:00,40.6465,-73.9491
4/17/2014 21:41:00,40.6557,-73.9257
4/17/2014 22:01:00,40.6716,-73.9495
4/17/2014 23:40:00,40.62,-73.9485
4/18/2014 3:45:00,40.6757,-73.9297
4/18/2014 5:59:00,40.6231,-73.9215
4/18/2014 6:36:00,40.6712,-73.9267
4/18/2014 8:24:00,40.6703,-73.9477
4/18/2014 9:29:00,40.6313,-73.9462
4/18/2014 9:39:00,40.6783,-73.9486
4/18/2014 11:03:00,40.6784,-73.9386
4/18/2014 11:32:00,40.6256,-73.9469
4/18/2014 13:12:00,40.662,-73.9439
4/18/2014 14:27:00,40.6687,-73.9449
4/18/2014 15:30:00,40.6745,-73.9445
4/18/2014 17:09:00,40.6218,-73.9291
4/18/2014 17:20:00,40.6738,-73.9406
4/18/2014 18:25:00,40.6695,-73.9404
4/18/2014 20:44:00,40.6791,-73.9402
4/18/2014 22:55:00,40.6797,-73.9366
4/18/2014 23:45:00,40.6779,-73.9497
4/19/2014 0:56:00,40.6731,-73.9285
4/19/2014 2:23:00,40.6775,-73.9414
4/19/2014 2:52:00,40.614,-73.9272
4/19/2014 5:10:00,40.6743,-73.9493
4/19/2014 7:36:00,40.6393,-73.9208
4/19/2014 8:43:00,40.6231,-73.9216
4/19/2014 8:48:00,40.6702,-73.9215
4/19/2014 10:36:00,40.6773,-73.9438
4/19/2014 11:37:00,40.6495,-73.9466
4/19/2014 11:47:00,40.6765,-73.936
4/19/2014 12:01:00,40.6753,-73.9417
4/19/2014 14:06:00,40.6733,-73.9363
4/19/2014 17:52:00,40.6679,-73.9312
4/19/2014 19:13:00,40.6781,-73.9207
4/19/2014 19:41:00,40.6791,-73.9398
4/19/2014 20:20:00,40.6781,-73.9214
4/19/2014 21:28:00,40.6708,-73.935
4/19/2014 21:50:00,40.6799,-73.9404
4/19/2014 22:02:00,40.651,-73.9274
4/19/2014 22:23:00,40.6746,-73.923
4/19/2014 22:27:00,40.6775,-73.9359
4/19/2014 23:53:00,40.6638,-73.9394
4/20/2014 0:07:00,40.676,-73.9485
4/20/2014 0:12:00,40.6754,-73.9277
4/20/2014 0:26:00,40.6716,-73.9448
4/20/2014 2:32:00,40.679,-73.9293
4/20/2014 3:00:00,40.6389,-73.929
4/20/2014 4:59:00,40.6521,-73.9353
4/20/2014 9:16:00,40.6777,-73.9247
4/20/2014 10:48:00,40.6776,-73.9237
4/20/2014 12:35:00,40.6752,-73.9277
4/20/2014 13:32:00,40.6747,-73.9305
4/20/2014 14:21:00,40.6703,-73.941
4/20/2014 15:39:00,40.6624,-73.949
4/20/2014 18:47:00,40.6353,-73.9479
4/20/2014 19:23:00,40.6691,-73.9334
4/20/2014 19:34:00,40.6718,-73.9214
4/20/2014 19:46:00,40.6762,-73.9499
4/20/2014 21:32:00,40.6338,-73.9226
4/20/2014 21:37:00,40.673,-73.9434
4/20/2014 22:34:00,40.6788,-73.9212
4/20/2014 22:48:00,40.6579,-73.9493
4/21/2014 12:59:00,40.6601,-73.9389
4/21/2014 14:34:00,40.6671,-73.9313
4/21/2014 16:05:00,40.6785,-73.9482
4/21/2014 18:08:00,40.6781,-73.9448
4/21/2014 18:12:00,40.6009,-73.9341
4/21/2014 19:09:00,40.6781,-73.9497
4/21/2014 19:31:00,40.6613,-73.9419
4/21/2014 21:17:00,40.649,-73.9272
4/22/2014 0:44:00,40.6776,-73.9452
4/22/2014 6:22:00,40.6313,-73.935
4/22/2014 6:52:00,40.6689,-73.927
4/22/2014 8:27:00,40.677,-73.9494
4/22/2014 10:54:00,40.6237,-73.9216
4/22/2014 16:04:00,40.672,-73.924
4/22/2014 17:39:00,40.6749,-73.9274
4/22/2014 18:44:00,40.6624,-73.9366
4/22/2014 19:36:00,40.6711,-73.9396
4/22/2014 20:57:00,40.6227,-73.949
4/22/2014 21:11:00,40.6736,-73.9202
4/22/2014 21:32:00,40.64,-73.9475
4/22/2014 21:36:00,40.6591,-73.9246
4/22/2014 21:43:00,40.6602,-73.9428
4/23/2014 4:57:00,40.666,-73.9302
4/23/2014 4:57:00,40.666,-73.9302
4/23/2014 5:50:00,40.6624,-73.9493
4/23/2014 5:59:00,40.6415,-73.9246
4/23/2014 6:07:00,40.6249,-73.9421
4/23/2014 6:27:00,40.658,-73.9361
4/23/2014 6:41:00,40.6355,-73.9479
4/23/2014 6:53:00,40.6529,-73.9343
4/23/2014 6:58:00,40.6733,-73.9469
4/23/2014 8:48:00,40.6687,-73.9325
4/23/2014 8:56:00,40.6798,-73.9384
4/23/2014 10:40:00,40.6097,-73.9451
4/23/2014 12:03:00,40.6514,-73.9274
4/23/2014 13:43:00,40.6795,-73.9303
4/23/2014 16:07:00,40.6775,-73.9463
4/23/2014 18:35:00,40.6559,-73.9236
4/23/2014 19:13:00,40.6717,-73.9355
4/23/2014 19:37:00,40.6742,-73.9251
4/23/2014 19:52:00,40.6707,-73.9365
4/23/2014 21:16:00,40.6741,-73.9389
4/23/2014 21:33:00,40.6747,-73.9406
4/23/2014 21:44:00,40.6632,-73.9492
4/23/2014 23:24:00,40.6709,-73.942
4/24/2014 0:23:00,40.6172,-73.9372
4/24/2014 0:40:00,40.6654,-73.934
4/24/2014 1:00:00,40.6642,-73.9472
4/24/2014 2:38:00,40.6776,-73.9476
4/24/2014 3:47:00,40.6685,-73.9436
4/24/2014 5:19:00,40.6781,-73.9204
4/24/2014 5:38:00,40.6465,-73.9258
4/24/2014 5:54:00,40.6759,-73.9444
4/24/2014 6:03:00,40.6679,-73.9396
4/24/2014 6:28:00,40.6292,-73.9386
4/24/2014 6:57:00,40.6528,-73.9344
4/24/2014 7:48:00,40.6602,-73.9323
4/24/2014 7:57:00,40.6447,-73.9479
4/24/2014 8:51:00,40.6052,-73.9424
4/24/2014 9:19:00,40.669,-73.931
4/24/2014 15:43:00,40.6612,-73.9333
4/24/2014 17:08:00,40.6109,-73.9208
4/24/2014 21:04:00,40.6708,-73.935
4/24/2014 22:48:00,40.6398,-73.9455
4/24/2014 23:27:00,40.6797,-73.9363
4/24/2014 23:39:00,40.6683,-73.9398
4/25/2014 5:46:00,40.6629,-73.9437
4/25/2014 6:05:00,40.678,-73.9204
4/25/2014 6:19:00,40.6417,-73.9245
4/25/2014 6:32:00,40.6327,-73.9309
4/25/2014 6:40:00,40.6775,-73.9498
4/25/2014 7:13:00,40.6685,-73.931
4/25/2014 9:08:00,40.6176,-73.9462
4/25/2014 9:59:00,40.6511,-73.9274
4/25/2014 12:04:00,40.6243,-73.9417
4/25/2014 13:57:00,40.6253,-73.9208
4/25/2014 14:07:00,40.6591,-73.937
4/25/2014 16:12:00,40.6624,-73.9366
4/25/2014 17:50:00,40.6486,-73.9231
4/25/2014 19:41:00,40.6538,-73.9314
4/25/2014 23:00:00,40.6593,-73.9247
4/26/2014 2:31:00,40.6628,-73.9433
4/26/2014 3:04:00,40.6684,-73.9405
4/26/2014 3:49:00,40.6752,-73.9476
4/26/2014 5:41:00,40.6799,-73.9409
4/26/2014 8:01:00,40.6794,-73.9322
4/26/2014 8:26:00,40.6235,-73.9319
4/26/2014 9:53:00,40.6797,-73.9364
4/26/2014 10:33:00,40.6504,-73.9263
4/26/2014 12:00:00,40.6743,-73.9495
4/26/2014 12:43:00,40.6716,-73.9479
4/26/2014 12:43:00,40.6447,-73.946
4/26/2014 14:05:00,40.6569,-73.9398
4/26/2014 14:35:00,40.6749,-73.9473
4/26/2014 14:35:00,40.6663,-73.9343
4/26/2014 15:24:00,40.675,-73.9459
4/26/2014 19:19:00,40.6721,-73.9447
4/26/2014 19:23:00,40.6797,-73.9254
4/26/2014 20:28:00,40.676,-73.9346
4/26/2014 20:28:00,40.676,-73.9346
4/26/2014 20:37:00,40.6757,-73.9473
4/26/2014 20:37:00,40.6757,-73.9473
4/26/2014 21:42:00,40.6624,-73.9245
4/26/2014 22:43:00,40.6735,-73.9339
4/26/2014 22:50:00,40.6709,-73.937
4/26/2014 22:55:00,40.6684,-73.9281
4/26/2014 23:55:00,40.6525,-73.9354
4/27/2014 0:13:00,40.674,-73.9282
4/27/2014 1:24:00,40.6783,-73.9498
4/27/2014 2:23:00,40.678,-73.9497
4/27/2014 2:31:00,40.678,-73.9496
4/27/2014 3:06:00,40.6786,-73.9498
4/27/2014 3:08:00,40.6786,-73.9495
4/27/2014 6:37:00,40.635,-73.9478
4/27/2014 7:14:00,40.6774,-73.9453
4/27/2014 8:13:00,40.6679,-73.9454
4/27/2014 10:01:00,40.6543,-73.9472
4/27/2014 11:13:00,40.6777,-73.9208
4/27/2014 12:12:00,40.6577,-73.9262
4/27/2014 12:50:00,40.6562,-73.9427
4/27/2014 12:59:00,40.6615,-73.9456
4/27/2014 13:18:00,40.6541,-73.9365
4/27/2014 13:47:00,40.6319,-73.9465
4/27/2014 17:32:00,40.6798,-73.9379
4/27/2014 17:39:00,40.6428,-73.9401
4/27/2014 17:54:00,40.676,-73.9486
4/27/2014 19:26:00,40.6776,-73.949
4/27/2014 20:34:00,40.6379,-73.926
4/27/2014 23:37:00,40.645,-73.9212
4/28/2014 5:23:00,40.6675,-73.9399
4/28/2014 7:01:00,40.6596,-73.9323
4/28/2014 7:29:00,40.6705,-73.9478
4/28/2014 12:12:00,40.6147,-73.9332
4/28/2014 14:25:00,40.6011,-73.9364
4/28/2014 14:41:00,40.6794,-73.9315
4/28/2014 16:38:00,40.6496,-73.9301
4/28/2014 19:05:00,40.6627,-73.9322
4/28/2014 20:38:00,40.6431,-73.9246
4/28/2014 20:59:00,40.6504,-73.939
4/28/2014 22:27:00,40.6321,-73.9313
4/28/2014 22:49:00,40.6767,-73.9499
4/28/2014 23:02:00,40.6797,-73.9221
4/28/2014 23:30:00,40.6592,-73.9258
4/29/2014 4:08:00,40.6731,-73.9434
4/29/2014 6:05:00,40.6771,-73.9443
4/29/2014 6:27:00,40.6778,-73.947
4/29/2014 6:31:00,40.6767,-73.9474
4/29/2014 7:25:00,40.6747,-73.9408
4/29/2014 7:34:00,40.6747,-73.9398
4/29/2014 12:40:00,40.6082,-73.9382
4/29/2014 13:00:00,40.6545,-73.9444
4/29/2014 14:47:00,40.6718,-73.9377
4/29/2014 17:23:00,40.6528,-73.9344
4/29/2014 18:23:00,40.6729,-73.9242
4/29/2014 19:37:00,40.6575,-73.9227
4/29/2014 19:38:00,40.6659,-73.9444
4/29/2014 23:46:00,40.6739,-73.9363
4/30/2014 4:08:00,40.666,-73.9451
4/30/2014 5:25:00,40.6675,-73.9398
4/30/2014 6:57:00,40.673,-73.9437
4/30/2014 7:08:00,40.6761,-73.9443
4/30/2014 7:48:00,40.6614,-73.927
4/30/2014 8:37:00,40.6776,-73.9494
4/30/2014 8:49:00,40.6707,-73.9496
4/30/2014 9:01:00,40.6678,-73.9454
4/30/2014 9:13:00,40.6636,-73.9258
4/30/2014 9:37:00,40.6536,-73.936
4/30/2014 10:14:00,40.6763,-73.9444
4/30/2014 10:40:00,40.6694,-73.9478
4/30/2014 12:02:00,40.6624,-73.9364
4/30/2014 13:33:00,40.6561,-73.9427
4/30/2014 13:55:00,40.6213,-73.929
4/30/2014 14:22:00,40.6631,-73.9398
4/30/2014 14:24:00,40.6726,-73.9252
4/30/2014 16:46:00,40.6743,-73.9388
4/30/2014 17:54:00,40.6003,-73.9438
4/30/2014 19:58:00,40.6776,-73.947
4/30/2014 20:05:00,40.6595,-73.925
4/1/2014 0:44:00,40.6604,-73.9461
4/1/2014 4:10:00,40.678,-73.9204
4/1/2014 4:12:00,40.6536,-73.9367
4/1/2014 5:14:00,40.6313,-73.935
4/1/2014 5:59:00,40.6688,-73.9273
4/1/2014 6:28:00,40.6628,-73.9445
4/1/2014 6:38:00,40.6703,-73.9421
4/1/2014 7:24:00,40.6721,-73.9392
4/1/2014 7:44:00,40.6641,-73.9433
4/1/2014 8:33:00,40.6491,-73.9311
4/1/2014 8:48:00,40.6658,-73.937
4/1/2014 8:54:00,40.67,-73.9482
4/1/2014 10:04:00,40.621,-73.9319
4/1/2014 10:09:00,40.6175,-73.9461
4/1/2014 11:30:00,40.665,-73.9203
4/1/2014 13:18:00,40.6625,-73.9363
4/1/2014 13:49:00,40.6596,-73.925
4/1/2014 15:48:00,40.6655,-73.9362
4/1/2014 17:35:00,40.6715,-73.948
4/1/2014 18:45:00,40.6757,-73.929
4/1/2014 19:25:00,40.6315,-73.9464
4/1/2014 21:33:00,40.6554,-73.925
4/2/2014 0:57:00,40.6243,-73.9425
4/2/2014 4:04:00,40.6715,-73.948
4/2/2014 4:10:00,40.6692,-73.9436
4/2/2014 5:35:00,40.676,-73.9484
4/2/2014 6:35:00,40.6604,-73.9344
4/2/2014 6:58:00,40.6679,-73.9479
4/2/2014 8:50:00,40.6749,-73.9417
4/2/2014 9:56:00,40.6782,-73.9451
4/2/2014 10:06:00,40.6147,-73.9254
4/2/2014 10:08:00,40.6268,-73.9355
4/2/2014 10:44:00,40.676,-73.948
4/2/2014 11:26:00,40.6111,-73.9203
4/2/2014 12:24:00,40.6751,-73.9474
4/2/2014 13:03:00,40.6751,-73.9475
4/2/2014 13:11:00,40.6096,-73.9485
4/2/2014 14:21:00,40.6271,-73.9498
4/2/2014 15:50:00,40.6733,-73.9479
4/2/2014 17:13:00,40.6563,-73.9473
4/2/2014 17:51:00,40.6633,-73.9428
4/2/2014 18:45:00,40.663,-73.9324
4/2/2014 19:13:00,40.6696,-73.929
4/2/2014 19:56:00,40.6135,-73.9443
4/2/2014 21:17:00,40.677,-73.9381
4/2/2014 22:20:00,40.6796,-73.9385
4/2/2014 23:30:00,40.6302,-73.9465
4/2/2014 23:51:00,40.6699,-73.9485
4/3/2014 1:39:00,40.6653,-73.9397
4/3/2014 5:56:00,40.6731,-73.9435
4/3/2014 8:27:00,40.6776,-73.9484
4/3/2014 9:07:00,40.6571,-73.928
4/3/2014 9:14:00,40.6641,-73.9438
4/3/2014 9:18:00,40.6785,-73.9483
4/3/2014 11:22:00,40.6767,-73.9498
4/3/2014 12:01:00,40.6656,-73.9426
4/3/2014 12:38:00,40.6625,-73.936
4/3/2014 13:01:00,40.6545,-73.9443
4/3/2014 13:56:00,40.6649,-73.9417
4/3/2014 14:35:00,40.6796,-73.9487
4/3/2014 15:16:00,40.6621,-73.9373
4/3/2014 15:17:00,40.654,-73.9262
4/3/2014 16:32:00,40.6681,-73.9227
4/3/2014 16:47:00,40.6696,-73.948
4/3/2014 17:02:00,40.6693,-73.945
4/3/2014 17:33:00,40.6556,-73.9257
4/3/2014 18:25:00,40.6324,-73.9476
4/3/2014 18:50:00,40.6718,-73.936
4/3/2014 18:59:00,40.6773,-73.9421
4/3/2014 19:02:00,40.6798,-73.9393
4/3/2014 19:08:00,40.675,-73.9389
4/3/2014 19:12:00,40.6715,-73.9478
4/3/2014 19:54:00,40.6779,-73.9498
4/3/2014 21:51:00,40.6706,-73.946
4/3/2014 22:04:00,40.6664,-73.9363
4/3/2014 22:39:00,40.6704,-73.9433
4/3/2014 22:41:00,40.6258,-73.9447
4/4/2014 4:41:00,40.6534,-73.9369
4/4/2014 5:39:00,40.6758,-73.9297
4/4/2014 6:20:00,40.6731,-73.9435
4/4/2014 6:33:00,40.6758,-73.9441
4/4/2014 6:33:00,40.6688,-73.927
4/4/2014 6:33:00,40.6202,-73.9414
4/4/2014 6:56:00,40.6689,-73.9495
4/4/2014 7:17:00,40.6537,-73.9422
4/4/2014 7:19:00,40.6657,-73.9425
4/4/2014 7:55:00,40.6685,-73.9446
4/4/2014 8:23:00,40.6793,-73.9437
4/4/2014 8:34:00,40.663,-73.948
4/4/2014 8:48:00,40.6378,-73.929
4/4/2014 9:21:00,40.6685,-73.9478
4/4/2014 9:24:00,40.6242,-73.9416
4/4/2014 9:52:00,40.6545,-73.9499
4/4/2014 10:30:00,40.6732,-73.9465
4/4/2014 10:40:00,40.6748,-73.9277
4/4/2014 10:47:00,40.6162,-73.9411
4/4/2014 10:56:00,40.6155,-73.9304
4/4/2014 11:01:00,40.6625,-73.9486
4/4/2014 11:26:00,40.6704,-73.9338
4/4/2014 13:13:00,40.675,-73.9388
4/4/2014 13:45:00,40.6636,-73.9269
4/4/2014 15:49:00,40.6006,-73.9403
4/4/2014 15:50:00,40.6528,-73.9492
4/4/2014 17:10:00,40.6781,-73.9207
4/4/2014 18:34:00,40.6723,-73.9468
4/4/2014 18:54:00,40.6743,-73.9487
4/4/2014 19:10:00,40.6788,-73.9352
4/4/2014 19:23:00,40.6685,-73.9309
4/4/2014 20:46:00,40.6754,-73.9416
4/4/2014 20:48:00,40.6492,-73.9446
4/4/2014 21:19:00,40.6791,-73.9219
4/4/2014 21:36:00,40.6624,-73.9214
4/4/2014 21:53:00,40.6732,-73.9287
4/4/2014 21:54:00,40.652,-73.9401
4/4/2014 22:16:00,40.6328,-73.9216
4/4/2014 22:19:00,40.6747,-73.9245
4/4/2014 22:30:00,40.6358,-73.9371
4/4/2014 22:57:00,40.6539,-73.9274
4/4/2014 23:14:00,40.6598,-73.9302
4/4/2014 23:46:00,40.6636,-73.933
4/5/2014 0:15:00,40.6686,-73.9308
4/5/2014 0:28:00,40.6331,-73.9246
4/5/2014 0:35:00,40.6654,-73.9205
4/5/2014 0:51:00,40.6732,-73.9336
4/5/2014 2:23:00,40.6587,-73.9383
4/5/2014 4:56:00,40.6758,-73.9298
4/5/2014 5:05:00,40.6126,-73.9345
4/5/2014 6:56:00,40.6703,-73.9338
4/5/2014 8:04:00,40.6796,-73.9343
Time,Lat,Lon
4/5/2014 11:08:00,40.6738,-73.9405
4/5/2014 12:17:00,40.6633,-73.9358
4/5/2014 12:51:00,40.6729,-73.9289
4/5/2014 12:55:00,40.6102,-73.9227
4/5/2014 13:01:00,40.6678,-73.9306
4/5/2014 13:15:00,40.6692,-73.9377
4/5/2014 13:18:00,40.6705,-73.9298
4/5/2014 13:41:00,40.6724,-73.9474
4/5/2014 13:48:00,40.6329,-73.9236
4/5/2014 14:23:00,40.634,-73.9401
4/5/2014 14:34:00,40.6267,-73.942
4/5/2014 14:43:00,40.6794,-73.9314
4/5/2014 15:31:00,40.6792,-73.9276
4/5/2014 15:49:00,40.6783,-73.944
4/5/2014 16:34:00,40.6758,-73.9442
4/5/2014 17:13:00,40.6707,-73.9487
4/5/2014 17:21:00,40.6542,-73.9263
4/5/2014 18:47:00,40.6038,-73.9387
4/5/2014 18:57:00,40.6757,-73.943
4/5/2014 18:59:00,40.6757,-73.943
4/5/2014 19:14:00,40.6006,-73.9337
4/5/2014 19:15:00,40.6621,-73.9436
4/5/2014 19:24:00,40.6689,-73.9496
4/5/2014 19:31:00,40.6742,-73.9483
4/5/2014 20:05:00,40.6169,-73.9228
4/5/2014 20:24:00,40.6688,-73.945
4/5/2014 20:34:00,40.6682,-73.9393
4/5/2014 20:47:00,40.6783,-73.9494
4/5/2014 21:12:00,40.6709,-73.9372
4/5/2014 21:21:00,40.6609,-73.9454
4/5/2014 21:43:00,40.6656,-73.9361
4/5/2014 21:59:00,40.6723,-73.9462
4/5/2014 22:04:00,40.6329,-73.9491
4/5/2014 22:33:00,40.6779,-73.9377
4/5/2014 23:21:00,40.6689,-73.9491
4/5/2014 23:29:00,40.678,-73.9205
4/5/2014 23:42:00,40.6503,-73.9278
4/6/2014 0:01:00,40.6686,-73.9465
4/6/2014 0:04:00,40.6696,-73.9338
4/6/2014 1:11:00,40.6455,-73.9269
4/6/2014 1:22:00,40.6713,-73.9276
4/6/2014 1:37:00,40.6679,-73.931
4/6/2014 2:25:00,40.6243,-73.9426
4/6/2014 3:07:00,40.6508,-73.9418
4/6/2014 3:20:00,40.635,-73.9334
4/6/2014 3:48:00,40.6211,-73.9303
4/6/2014 3:56:00,40.6673,-73.948
4/6/2014 4:18:00,40.6176,-73.9461
4/6/2014 4:29:00,40.6183,-73.9218
4/6/2014 5:36:00,40.663,-73.9405
4/6/2014 5:38:00,40.6792,-73.9402
4/6/2014 5:49:00,40.6663,-73.9369
4/6/2014 5:53:00,40.678,-73.9204
4/6/2014 6:12:00,40.6654,-73.9345
4/6/2014 6:23:00,40.6757,-73.9388
4/6/2014 7:01:00,40.629,-73.9386
4/6/2014 7:38:00,40.6536,-73.9353
4/6/2014 8:22:00,40.6747,-73.9406
4/6/2014 8:33:00,40.6345,-73.94
4/6/2014 9:29:00,40.673,-73.9434
4/6/2014 10:03:00,40.6758,-73.9298
4/6/2014 10:03:00,40.6757,-73.929
4/6/2014 10:42:00,40.6707,-73.9486
4/6/2014 10:52:00,40.6747,-73.9408
4/6/2014 10:54:00,40.6628,-73.9438
4/6/2014 11:15:00,40.675,-73.9472
4/6/2014 11:57:00,40.6648,-73.9403
4/6/2014 12:40:00,40.6645,-73.9427
4/6/2014 13:10:00,40.6698,-73.9467
4/6/2014 13:15:00,40.6793,-73.9436
4/6/2014 13:18:00,40.6746,-73.9395
4/6/2014 14:06:00,40.6779,-73.9498
4/6/2014 14:28:00,40.6741,-73.9464
4/6/2014 14:28:00,40.6558,-73.9259
4/6/2014 15:20:00,40.6641,-73.9441
4/6/2014 15:25:00,40.6743,-73.9494
4/6/2014 15:31:00,40.6626,-73.9464
4/6/2014 15:31:00,40.6592,-73.9244
4/6/2014 15:58:00,40.6537,-73.9412
4/6/2014 15:59:00,40.6704,-73.9435
4/6/2014 17:16:00,40.6775,-73.9463
4/6/2014 17:31:00,40.6695,-73.9473
4/6/2014 17:42:00,40.6327,-73.9457
4/6/2014 18:42:00,40.6706,-73.9454
4/6/2014 18:58:00,40.6742,-73.9482
4/6/2014 19:41:00,40.6222,-73.946
4/6/2014 19:56:00,40.6679,-73.9476
4/6/2014 20:58:00,40.6218,-73.9291
4/6/2014 21:22:00,40.6259,-73.9447
4/6/2014 21:36:00,40.6166,-73.9304
4/6/2014 21:41:00,40.6755,-73.9404
4/6/2014 22:51:00,40.6695,-73.9396
4/6/2014 23:09:00,40.6707,-73.949
4/6/2014 23:18:00,40.6779,-73.9497
4/6/2014 23:50:00,40.6743,-73.9499
4/7/2014 0:45:00,40.6202,-73.9418
4/7/2014 5:23:00,40.6731,-73.9438
4/7/2014 6:29:00,40.6761,-73.9471
4/7/2014 6:35:00,40.6748,-73.9406
4/7/2014 7:06:00,40.6231,-73.9215
4/7/2014 7:35:00,40.6713,-73.9446
4/7/2014 7:59:00,40.6559,-73.9417
4/7/2014 8:59:00,40.6634,-73.948
4/7/2014 9:18:00,40.6631,-73.9406
4/7/2014 11:40:00,40.6695,-73.9476
4/7/2014 12:29:00,40.6727,-73.9365
4/7/2014 13:00:00,40.6696,-73.9338
4/7/2014 13:13:00,40.6605,-73.9324
4/7/2014 13:14:00,40.6706,-73.9421
4/7/2014 13:59:00,40.6773,-73.9425
4/7/2014 14:07:00,40.6676,-73.9422
4/7/2014 14:17:00,40.6242,-73.9285
4/7/2014 14:28:00,40.6711,-73.9476
4/7/2014 15:17:00,40.6592,-73.936
4/7/2014 15:50:00,40.6657,-73.9401
4/7/2014 15:51:00,40.6545,-73.9444
4/7/2014 16:02:00,40.6588,-73.9312
4/7/2014 16:11:00,40.6574,-73.9211
4/7/2014 16:30:00,40.659,-73.9336
4/7/2014 16:51:00,40.6624,-73.9367
4/7/2014 19:02:00,40.6465,-73.9443
4/7/2014 19:33:00,40.6677,-73.9296
4/7/2014 19:48:00,40.6629,-73.9416
4/7/2014 19:53:00,40.6772,-73.934
4/7/2014 20:29:00,40.6019,-73.9373
4/7/2014 21:12:00,40.6694,-73.938
4/7/2014 21:14:00,40.6324,-73.9457
4/7/2014 21:33:00,40.6325,-73.9458
4/7/2014 21:33:00,40.6648,-73.9202
4/7/2014 21:46:00,40.6787,-73.9413
4/7/2014 21:50:00,40.6692,-73.942
4/7/2014 23:05:00,40.6651,-73.9457
4/7/2014 23:38:00,40.6027,-73.9442
4/8/2014 1:08:00,40.6791,-73.9441
4/8/2014 1:14:00,40.6217,-73.9215
4/8/2014 1:27:00,40.6701,-73.9212
4/8/2014 2:08:00,40.6243,-73.9426
4/8/2014 2:50:00,40.669,-73.9318
4/8/2014 3:05:00,40.668,-73.9493
4/8/2014 3:21:00,40.6681,-73.9355
4/8/2014 5:55:00,40.676,-73.9479
4/8/2014 9:09:00,40.6727,-73.9364
4/8/2014 11:15:00,40.6704,-73.943
4/8/2014 11:49:00,40.6741,-73.9418
4/8/2014 11:50:00,40.6633,-73.9482
4/8/2014 13:03:00,40.6625,-73.9364
4/8/2014 13:17:00,40.6742,-73.9483
4/8/2014 13:26:00,40.6627,-73.9471
4/8/2014 14:00:00,40.6662,-73.9343
4/8/2014 14:33:00,40.6769,-73.9362
4/8/2014 14:45:00,40.6792,-73.9441
4/8/2014 15:31:00,40.6716,-73.9499
4/8/2014 16:00:00,40.6545,-73.9442
4/8/2014 16:26:00,40.6545,-73.9445
4/8/2014 17:08:00,40.6773,-73.9423
4/8/2014 17:49:00,40.6316,-73.9468
4/8/2014 17:49:00,40.6316,-73.9468
4/8/2014 17:53:00,40.6704,-73.9268
4/8/2014 18:13:00,40.67,-73.9362
4/8/2014 18:18:00,40.6523,-73.9315
4/8/2014 18:25:00,40.6704,-73.9431
4/8/2014 18:42:00,40.6783,-73.9488
4/8/2014 18:56:00,40.6652,-73.9272
4/8/2014 20:59:00,40.6335,-73.9468
4/8/2014 21:15:00,40.6219,-73.9214
4/8/2014 21:54:00,40.6762,-73.9487
4/8/2014 22:22:00,40.675,-73.9468
4/8/2014 22:52:00,40.6768,-73.949
4/8/2014 23:12:00,40.6392,-73.9211
4/9/2014 0:14:00,40.674,-73.9273
4/9/2014 2:50:00,40.6678,-73.9306
4/9/2014 3:02:00,40.6614,-73.9427
4/9/2014 4:48:00,40.6535,-73.9372
4/9/2014 6:43:00,40.6142,-73.9479
4/9/2014 6:58:00,40.663,-73.948
4/9/2014 8:26:00,40.6695,-73.9473
4/9/2014 8:54:00,40.6639,-73.9399
4/9/2014 9:07:00,40.6242,-73.9416
4/9/2014 9:52:00,40.6596,-73.9202
4/9/2014 10:21:00,40.6647,-73.9378
4/9/2014 10:40:00,40.6709,-73.9369
4/9/2014 12:55:00,40.6564,-73.948
4/9/2014 13:09:00,40.6287,-73.9231
4/9/2014 13:16:00,40.6742,-73.9482
4/9/2014 13:32:00,40.6779,-73.9417
4/9/2014 14:03:00,40.6653,-73.9322
4/9/2014 14:50:00,40.6269,-73.9498
4/9/2014 15:27:00,40.6217,-73.9291
4/9/2014 15:40:00,40.6189,-73.9474
4/9/2014 18:52:00,40.6684,-73.9311
4/9/2014 19:05:00,40.6723,-73.9471
4/9/2014 19:29:00,40.6772,-73.9419
4/9/2014 21:02:00,40.6233,-73.9216
4/9/2014 22:47:00,40.6319,-73.9427
4/9/2014 23:10:00,40.6586,-73.9388
4/10/2014 0:27:00,40.6574,-73.9225
4/10/2014 0:28:00,40.6752,-73.9388
4/10/2014 1:09:00,40.6243,-73.9426
4/10/2014 1:35:00,40.6344,-73.9493
4/10/2014 1:49:00,40.6254,-73.9276
4/10/2014 4:45:00,40.6662,-73.9499
4/10/2014 4:50:00,40.6799,-73.9277
4/10/2014 5:49:00,40.6468,-73.9482
4/10/2014 5:54:00,40.6764,-73.9443
4/10/2014 7:10:00,40.6732,-73.9288
4/10/2014 7:32:00,40.6768,-73.9475
4/10/2014 7:58:00,40.6593,-73.9359
4/10/2014 8:01:00,40.6706,-73.9479
4/10/2014 8:36:00,40.6617,-73.9279
4/10/2014 8:49:00,40.6688,-73.9473
4/10/2014 8:50:00,40.6754,-73.9416
4/10/2014 8:53:00,40.6266,-73.9219
4/10/2014 10:18:00,40.6241,-73.9415
4/10/2014 10:29:00,40.6648,-73.9384
4/10/2014 10:49:00,40.6176,-73.9401
4/10/2014 14:55:00,40.6277,-73.9441
4/10/2014 15:40:00,40.6713,-73.9441
4/10/2014 15:43:00,40.6564,-73.948
4/10/2014 15:48:00,40.6629,-73.948
4/10/2014 16:43:00,40.6745,-73.9306
4/10/2014 17:28:00,40.6576,-73.9227
4/10/2014 18:32:00,40.6175,-73.949
4/10/2014 19:50:00,40.6645,-73.9495
4/10/2014 20:05:00,40.6625,-73.9365
4/10/2014 20:14:00,40.6435,-73.9237
4/10/2014 20:49:00,40.6694,-73.9462
4/10/2014 20:57:00,40.671,-73.9386
4/10/2014 21:27:00,40.6553,-73.9259
4/10/2014 21:39:00,40.6794,-73.9443
4/10/2014 21:45:00,40.6319,-73.9272
4/10/2014 21:45:00,40.6319,-73.9272
4/10/2014 22:08:00,40.6732,-73.9307
4/10/2014 22:21:00,40.6015,-73.9322
4/11/2014 2:33:00,40.6492,-73.9443
4/11/2014 3:12:00,40.6212,-73.9305
4/11/2014 5:09:00,40.6658,-73.9414
4/11/2014 6:53:00,40.6647,-73.9381
4/11/2014 8:45:00,40.6598,-73.9435
4/11/2014 8:55:00,40.6175,-73.94
4/11/2014 9:00:00,40.6716,-73.9499
4/11/2014 9:16:00,40.6246,-73.9463
4/11/2014 9:57:00,40.6632,-73.9361
4/11/2014 11:04:00,40.6758,-73.9389
4/11/2014 12:15:00,40.6706,-73.9459
4/11/2014 13:02:00,40.6625,-73.9364
4/11/2014 13:11:00,40.6751,-73.9487
4/11/2014 13:43:00,40.6095,-73.9219
4/11/2014 13:51:00,40.6638,-73.9272
4/11/2014 13:55:00,40.6624,-73.9369
4/11/2014 14:25:00,40.6206,-73.9375
4/11/2014 17:47:00,40.6621,-73.9423
4/11/2014 18:06:00,40.6411,-73.9485
4/11/2014 18:44:00,40.642,-73.9283
4/11/2014 19:20:00,40.6732,-73.945
4/11/2014 19:22:00,40.6545,-73.9444
4/11/2014 20:16:00,40.6736,-73.9306
4/11/2014 20:55:00,40.6707,-73.9496
4/11/2014 20:56:00,40.6752,-73.9493
4/11/2014 21:02:00,40.6713,-73.9393
4/11/2014 21:58:00,40.6673,-73.9372
4/11/2014 22:13:00,40.6773,-73.9438
4/11/2014 22:22:00,40.635,-73.9479
4/11/2014 22:32:00,40.6618,-73.9427
4/11/2014 22:56:00,40.6759,-73.9472
4/11/2014 23:08:00,40.6739,-73.9473
4/11/2014 23:26:00,40.6751,-73.9474
4/11/2014 23:40:00,40.6561,-73.9474
4/12/2014 0:06:00,40.6652,-73.9482
4/12/2014 0:15:00,40.675,-73.9471
4/12/2014 1:32:00,40.6776,-73.9487
4/12/2014 1:36:00,40.6434,-73.9453
4/12/2014 4:37:00,40.6622,-73.9212
4/12/2014 5:38:00,40.6644,-73.9332
4/12/2014 6:45:00,40.6172,-73.947
4/12/2014 8:01:00,40.6708,-73.9342
4/12/2014 9:02:00,40.6614,-73.9429
4/12/2014 9:50:00,40.6404,-73.925
4/12/2014 11:18:00,40.6748,-73.9408
4/12/2014 11:29:00,40.6716,-73.9491
4/12/2014 11:57:00,40.6632,-73.9499
4/12/2014 12:01:00,40.6593,-73.9476
4/12/2014 12:14:00,40.6751,-73.9485
4/12/2014 12:31:00,40.6682,-73.9239
4/12/2014 14:48:00,40.6734,-73.9326
4/12/2014 16:36:00,40.6525,-73.9402
4/12/2014 16:56:00,40.6756,-73.9472
4/12/2014 17:40:00,40.6603,-73.9469
4/12/2014 17:45:00,40.6542,-73.9491
4/12/2014 18:00:00,40.6675,-73.9398
4/12/2014 18:12:00,40.6478,-73.929
4/12/2014 18:14:00,40.6613,-73.9455
4/12/2014 18:22:00,40.6182,-73.937
4/12/2014 18:57:00,40.6665,-73.9378
4/12/2014 19:00:00,40.6701,-73.9477
4/12/2014 19:15:00,40.6653,-73.9488
4/12/2014 19:34:00,40.6662,-73.9286
4/12/2014 19:58:00,40.6758,-73.9499
4/12/2014 20:07:00,40.662,-73.9444
4/12/2014 21:09:00,40.6614,-73.941
4/12/2014 21:26:00,40.6769,-73.9359
4/12/2014 21:26:00,40.6777,-73.947
4/12/2014 21:34:00,40.6626,-73.9339
4/12/2014 21:41:00,40.653,-73.9442
4/12/2014 21:48:00,40.6795,-73.9412
4/12/2014 22:13:00,40.675,-73.9453
4/12/2014 23:06:00,40.6743,-73.9498
4/12/2014 23:25:00,40.6543,-73.9489
4/12/2014 23:28:00,40.679,-73.9248
4/12/2014 23:33:00,40.6752,-73.9487
4/12/2014 23:50:00,40.6609,-73.9455
4/13/2014 0:06:00,40.6752,-73.9475
4/13/2014 0:27:00,40.6669,-73.9466
4/13/2014 5:26:00,40.6352,-73.9479
4/13/2014 5:35:00,40.6721,-73.9259
4/13/2014 7:23:00,40.6725,-73.9252
4/13/2014 9:43:00,40.6773,-73.9427
4/13/2014 9:44:00,40.6013,-73.945
4/13/2014 9:56:00,40.675,-73.9452
4/13/2014 10:24:00,40.6718,-73.9373
4/13/2014 10:27:00,40.6707,-73.9489
4/13/2014 11:22:00,40.6482,-73.9474
4/13/2014 11:35:00,40.6732,-73.946
4/13/2014 11:58:00,40.6143,-73.9484
4/13/2014 12:06:00,40.6672,-73.9355
4/13/2014 12:18:00,40.6733,-73.9481
4/13/2014 12:25:00,40.6243,-73.9416
4/13/2014 12:34:00,40.6675,-73.9398
4/13/2014 13:02:00,40.6628,-73.9439
4/13/2014 14:27:00,40.6749,-73.9285
4/13/2014 14:52:00,40.6777,-73.9442
4/13/2014 14:57:00,40.6732,-73.9461
4/13/2014 15:10:00,40.6735,-73.9306
4/13/2014 15:12:00,40.6191,-73.9328
4/13/2014 15:27:00,40.6734,-73.9363
4/13/2014 16:34:00,40.6747,-73.9406
4/13/2014 16:49:00,40.6686,-73.9441
4/13/2014 17:21:00,40.6589,-73.937
4/13/2014 18:46:00,40.6587,-73.9453
4/13/2014 18:51:00,40.6742,-73.9488
4/13/2014 20:35:00,40.6733,-73.9363
4/13/2014 20:44:00,40.6362,-73.9495
4/13/2014 20:44:00,40.6501,-73.9428
4/13/2014 20:56:00,40.6593,-73.9302
4/13/2014 21:10:00,40.6738,-73.94
4/13/2014 21:11:00,40.6774,-73.9452
4/13/2014 21:33:00,40.6236,-73.9271
4/13/2014 22:26:00,40.6616,-73.9427
4/13/2014 22:30:00,40.6609,-73.9492
4/13/2014 23:27:00,40.6744,-73.9473
4/14/2014 1:01:00,40.6761,-73.9481
4/14/2014 1:51:00,40.6243,-73.9425
4/14/2014 2:45:00,40.671,-73.9421
4/14/2014 5:57:00,40.6702,-73.9384
4/14/2014 6:07:00,40.6631,-73.948
4/14/2014 7:12:00,40.6731,-73.9287
4/14/2014 11:32:00,40.6742,-73.9479
4/14/2014 11:53:00,40.6652,-73.9271
4/14/2014 12:13:00,40.6749,-73.9443
4/14/2014 12:22:00,40.6587,-73.9388
4/14/2014 14:38:00,40.6159,-73.9226
4/14/2014 14:48:00,40.6449,-73.9214
4/14/2014 14:51:00,40.6774,-73.942
4/14/2014 15:10:00,40.656,-73.9437
4/14/2014 15:35:00,40.6184,-73.9321
4/14/2014 15:40:00,40.6714,-73.9441
4/14/2014 16:55:00,40.6796,-73.9486
4/14/2014 17:57:00,40.6688,-73.9474
4/14/2014 18:21:00,40.6142,-73.9479
4/14/2014 19:46:00,40.6656,-73.9395
4/14/2014 20:23:00,40.6624,-73.9381
4/14/2014 20:43:00,40.6695,-73.9398
4/14/2014 22:03:00,40.6758,-73.9437
4/14/2014 22:04:00,40.645,-73.946
4/14/2014 22:57:00,40.6794,-73.9449
4/15/2014 4:20:00,40.6283,-73.9423
4/15/2014 6:06:00,40.6445,-73.9393
4/15/2014 6:09:00,40.675,-73.9458
4/15/2014 7:05:00,40.6231,-73.9215
4/15/2014 9:13:00,40.6794,-73.9385
4/15/2014 9:57:00,40.678,-73.9203
4/15/2014 11:39:00,40.6404,-73.9245
4/15/2014 12:08:00,40.6666,-73.9409
4/15/2014 12:30:00,40.6505,-73.9254
4/15/2014 12:45:00,40.6254,-73.9208
4/15/2014 13:46:00,40.6709,-73.9377
4/15/2014 14:10:00,40.6321,-73.9486
4/15/2014 15:04:00,40.6749,-73.9442
4/15/2014 16:35:00,40.6772,-73.9419
4/15/2014 17:26:00,40.6775,-73.9464
4/15/2014 20:57:00,40.6611,-73.9267
4/15/2014 20:58:00,40.6734,-73.9493
4/15/2014 21:09:00,40.6429,-73.9497
4/15/2014 23:30:00,40.6688,-73.927
4/15/2014 23:49:00,40.6734,-73.9494
4/15/2014 23:52:00,40.6086,-73.9313
4/16/2014 0:04:00,40.6779,-73.9497
4/16/2014 3:49:00,40.6699,-73.9344
4/16/2014 4:58:00,40.6611,-73.9485
4/16/2014 6:28:00,40.6731,-73.9437
4/16/2014 8:29:00,40.6696,-73.9255
4/16/2014 8:33:00,40.6404,-73.9252
4/16/2014 8:39:00,40.6614,-73.9429
4/16/2014 9:27:00,40.6773,-73.9437
4/16/2014 10:13:00,40.6758,-73.9295
4/16/2014 16:52:00,40.6731,-73.9285
4/16/2014 18:02:00,40.6542,-73.9488
4/16/2014 18:49:00,40.6749,-73.9275
4/16/2014 18:59:00,40.6795,-73.9477
4/16/2014 19:02:00,40.6773,-73.9427
4/16/2014 19:18:00,40.6785,-73.9483
4/16/2014 20:38:00,40.6725,-73.933
4/16/2014 20:47:00,40.6755,-73.9393
4/16/2014 21:44:00,40.6678,-73.9306
4/16/2014 22:15:00,40.6742,-73.9486
4/17/2014 0:36:00,40.6795,-73.9477
4/17/2014 5:43:00,40.6723,-73.9293
4/17/2014 5:51:00,40.6514,-73.9236
4/17/2014 6:12:00,40.675,-73.9459
4/17/2014 6:43:00,40.6663,-73.9226
4/17/2014 6:50:00,40.6585,-73.9282
4/17/2014 6:54:00,40.6686,-73.9478
4/17/2014 8:04:00,40.676,-73.936
4/17/2014 8:18:00,40.6639,-73.9394
4/17/2014 9:22:00,40.6325,-73.9476
4/17/2014 11:07:00,40.6554,-73.929
4/17/2014 11:29:00,40.6773,-73.9253
4/17/2014 12:10:00,40.6734,-73.9493
4/17/2014 12:18:00,40.6678,-73.9301
4/17/2014 12:23:00,40.662,-73.9439
4/17/2014 13:44:00,40.6672,-73.9353
4/17/2014 14:01:00,40.6715,-73.9481
4/17/2014 14:39:00,40.679,-73.9293
4/17/2014 15:01:00,40.6751,-73.9483
4/17/2014 15:05:00,40.6749,-73.9445
4/17/2014 16:03:00,40.6299,-73.9446
4/17/2014 16:39:00,40.6546,-73.9443
4/17/2014 16:57:00,40.6774,-73.9453
4/17/2014 17:08:00,40.6788,-73.9212
4/17/2014 17:11:00,40.6394,-73.9374
4/17/2014 17:47:00,40.6783,-73.9484
4/17/2014 18:17:00,40.6687,-73.9283
Time,Lat,Lon
4/17/2014 20:19:00,40.6313,-73.9476
4/17/2014 20:19:00,40.6313,-73.9476
4/17/2014 21:33:00,40.6716,-73.9481
4/17/2014 23:02:00,40.6713,-73.9392
4/17/2014 23:38:00,40.6775,-73.9466
4/18/2014 0:47:00,40.6692,-73.9352
4/18/2014 1:12:00,40.6373,-73.9386
4/18/2014 5:44:00,40.654,-73.9262
4/18/2014 5:49:00,40.6637,-73.9362
4/18/2014 6:23:00,40.675,-73.9458
4/18/2014 9:41:00,40.6677,-73.9422
4/18/2014 10:11:00,40.6782,-73.945
4/18/2014 13:22:00,40.6727,-73.9207
4/18/2014 13:28:00,40.6786,-73.949
4/18/2014 13:55:00,40.6316,-73.9464
4/18/2014 13:56:00,40.6773,-73.9359
4/18/2014 15:42:00,40.6783,-73.9488
4/18/2014 16:55:00,40.6631,-73.9208
4/18/2014 16:56:00,40.6517,-73.9294
4/18/2014 17:06:00,40.6697,-73.9436
4/18/2014 17:19:00,40.61,-73.9353
4/18/2014 17:56:00,40.6691,-73.9331
4/18/2014 17:57:00,40.675,-73.9472
4/18/2014 18:06:00,40.6629,-73.9417
4/18/2014 18:07:00,40.6686,-73.9314
4/18/2014 18:07:00,40.6771,-73.9395
4/18/2014 18:51:00,40.6354,-73.9276
4/18/2014 19:43:00,40.64,-73.9312
4/18/2014 20:38:00,40.6376,-73.926
4/18/2014 20:51:00,40.6232,-73.9217
4/18/2014 21:18:00,40.6761,-73.9471
4/18/2014 21:33:00,40.6538,-73.9431
4/18/2014 21:34:00,40.6343,-73.9246
4/18/2014 21:50:00,40.6483,-73.9445
4/18/2014 22:07:00,40.651,-73.9275
4/18/2014 22:08:00,40.6673,-73.9365
4/18/2014 22:09:00,40.6244,-73.9382
4/18/2014 22:17:00,40.6626,-73.9471
4/18/2014 22:32:00,40.6568,-73.931
4/18/2014 22:39:00,40.6702,-73.9338
4/18/2014 22:39:00,40.667,-73.923
4/19/2014 0:41:00,40.6205,-73.9381
4/19/2014 2:31:00,40.6673,-73.9365
4/19/2014 3:34:00,40.6605,-73.9398
4/19/2014 9:43:00,40.6628,-73.9436
4/19/2014 10:49:00,40.6783,-73.9488
4/19/2014 11:30:00,40.6321,-73.947
4/19/2014 13:26:00,40.6731,-73.9433
4/19/2014 13:42:00,40.6542,-73.9487
4/19/2014 14:31:00,40.6789,-73.9222
4/19/2014 14:39:00,40.6775,-73.9237
4/19/2014 16:51:00,40.6776,-73.948
4/19/2014 18:00:00,40.6691,-73.9334
4/19/2014 19:00:00,40.635,-73.9479
4/19/2014 19:35:00,40.6794,-73.9305
4/19/2014 19:58:00,40.6435,-73.9457
4/19/2014 20:59:00,40.6601,-73.9392
4/19/2014 21:04:00,40.6782,-73.9497
4/19/2014 21:10:00,40.6614,-73.9413
4/19/2014 21:10:00,40.6614,-73.9413
4/19/2014 21:24:00,40.6698,-73.9326
4/19/2014 21:36:00,40.6502,-73.9341
4/19/2014 21:47:00,40.6501,-73.9205
4/19/2014 22:03:00,40.671,-73.9376
4/19/2014 22:33:00,40.6622,-73.9243
4/19/2014 22:39:00,40.6561,-73.925
4/19/2014 23:07:00,40.6741,-73.9362
4/19/2014 23:36:00,40.6753,-73.9389
4/20/2014 0:43:00,40.6299,-73.9474
4/20/2014 1:57:00,40.661,-73.9314
4/20/2014 2:31:00,40.6746,-73.9381
4/20/2014 3:02:00,40.6351,-73.9334
4/20/2014 3:35:00,40.6663,-73.9354
4/20/2014 8:16:00,40.6761,-73.9354
4/20/2014 8:38:00,40.6761,-73.9471
4/20/2014 9:57:00,40.6637,-73.9258
4/20/2014 10:56:00,40.6776,-73.9492
4/20/2014 11:02:00,40.6428,-73.9245
4/20/2014 11:11:00,40.6743,-73.9495
4/20/2014 11:32:00,40.6741,-73.9418
4/20/2014 12:31:00,40.6597,-73.945
4/20/2014 12:36:00,40.6781,-73.9205
4/20/2014 13:02:00,40.6647,-73.9233
4/20/2014 13:06:00,40.6716,-73.9488
4/20/2014 13:09:00,40.6612,-73.9441
4/20/2014 13:18:00,40.669,-73.9386
4/20/2014 13:53:00,40.6499,-73.9344
4/20/2014 13:58:00,40.6772,-73.9387
4/20/2014 14:32:00,40.6773,-73.9437
4/20/2014 14:43:00,40.6557,-73.9256
4/20/2014 14:45:00,40.6691,-73.9406
4/20/2014 14:58:00,40.6738,-73.94
4/20/2014 14:59:00,40.6762,-73.9443
4/20/2014 15:39:00,40.6511,-73.9496
4/20/2014 16:39:00,40.6744,-73.9389
4/20/2014 16:57:00,40.6777,-73.9338
4/20/2014 17:34:00,40.676,-73.9487
4/20/2014 21:02:00,40.662,-73.944
4/20/2014 21:07:00,40.6544,-73.9248
4/20/2014 21:15:00,40.6785,-73.9299
4/20/2014 21:52:00,40.6751,-73.9486
4/20/2014 22:06:00,40.679,-73.9238
4/20/2014 22:37:00,40.6388,-73.9452
4/20/2014 23:28:00,40.6434,-73.9488
4/21/2014 0:53:00,40.6193,-73.9218
4/21/2014 1:45:00,40.6143,-73.9264
4/21/2014 3:42:00,40.6542,-73.9483
4/21/2014 4:34:00,40.6535,-73.9367
4/21/2014 8:31:00,40.6774,-73.9451
4/21/2014 8:31:00,40.6694,-73.9248
4/21/2014 9:06:00,40.6776,-73.9484
4/21/2014 9:17:00,40.6687,-73.9325
4/21/2014 12:07:00,40.6528,-73.9479
4/21/2014 14:54:00,40.6772,-73.9421
4/21/2014 16:32:00,40.6691,-73.9312
4/21/2014 19:24:00,40.6795,-73.9476
4/21/2014 21:11:00,40.6723,-73.9449
4/21/2014 21:16:00,40.6767,-73.9475
4/21/2014 21:18:00,40.6776,-73.9485
4/21/2014 23:04:00,40.6592,-73.9245
4/22/2014 3:02:00,40.6375,-73.9328
4/22/2014 6:15:00,40.6757,-73.9437
4/22/2014 6:17:00,40.675,-73.9458
4/22/2014 6:30:00,40.6628,-73.9439
4/22/2014 9:13:00,40.6562,-73.9419
4/22/2014 9:16:00,40.6545,-73.9297
4/22/2014 15:02:00,40.6772,-73.942
4/22/2014 15:35:00,40.6602,-73.9379
4/22/2014 16:04:00,40.6799,-73.9276
4/22/2014 16:43:00,40.6778,-73.9228
4/22/2014 17:26:00,40.6718,-73.9375
4/22/2014 20:03:00,40.6544,-73.9455
4/22/2014 21:15:00,40.6325,-73.9457
4/22/2014 23:50:00,40.6218,-73.9488
4/23/2014 1:42:00,40.6243,-73.9426
4/23/2014 5:38:00,40.6719,-73.9372
4/23/2014 6:02:00,40.6231,-73.9214
4/23/2014 6:32:00,40.6797,-73.9364
4/23/2014 7:23:00,40.6404,-73.9407
4/23/2014 7:35:00,40.6591,-73.9322
4/23/2014 8:44:00,40.6757,-73.943
4/23/2014 13:03:00,40.6674,-73.9367
4/23/2014 13:31:00,40.6265,-73.9468
4/23/2014 14:27:00,40.6773,-73.9428
4/23/2014 14:45:00,40.6615,-73.9427
4/23/2014 16:27:00,40.6537,-73.9364
4/23/2014 16:36:00,40.6545,-73.9444
4/23/2014 16:48:00,40.6564,-73.9482
4/23/2014 16:53:00,40.6693,-73.9441
4/23/2014 17:04:00,40.6509,-73.9274
4/23/2014 17:06:00,40.6626,-73.9361
4/23/2014 17:15:00,40.6329,-73.9457
4/23/2014 18:55:00,40.6625,-73.9364
4/23/2014 18:59:00,40.6619,-73.9212
4/23/2014 21:27:00,40.6634,-73.9338
4/23/2014 23:35:00,40.6758,-73.9299
4/24/2014 5:40:00,40.6789,-73.923
4/24/2014 5:53:00,40.6696,-73.9421
4/24/2014 6:32:00,40.6431,-73.9429
4/24/2014 6:36:00,40.6757,-73.9423
4/24/2014 6:54:00,40.668,-73.9495
4/24/2014 8:19:00,40.6724,-73.9252
4/24/2014 9:18:00,40.6749,-73.9286
4/24/2014 10:49:00,40.6384,-73.9319
4/24/2014 11:50:00,40.6695,-73.9474
4/24/2014 12:11:00,40.6738,-73.9389
4/24/2014 13:40:00,40.6715,-73.9392
4/24/2014 13:47:00,40.675,-73.9286
4/24/2014 14:32:00,40.66,-73.923
4/24/2014 15:13:00,40.6387,-73.9319
4/24/2014 17:26:00,40.6524,-73.9402
4/24/2014 17:40:00,40.6624,-73.9365
4/24/2014 19:20:00,40.6796,-73.9486
4/24/2014 19:57:00,40.651,-73.9274
4/24/2014 20:48:00,40.6509,-73.9274
4/24/2014 21:30:00,40.6511,-73.9496
4/25/2014 6:31:00,40.6731,-73.9287
4/25/2014 7:02:00,40.6301,-73.9252
4/25/2014 8:08:00,40.6757,-73.9423
4/25/2014 8:25:00,40.6219,-73.9471
4/25/2014 10:36:00,40.6096,-73.9218
4/25/2014 10:38:00,40.6284,-73.924
4/25/2014 11:11:00,40.6625,-73.9364
4/25/2014 12:58:00,40.6577,-73.9262
4/25/2014 13:10:00,40.6757,-73.9424
4/25/2014 14:14:00,40.6574,-73.9281
4/25/2014 15:07:00,40.6787,-73.9413
4/25/2014 15:18:00,40.6725,-73.933
4/25/2014 16:23:00,40.6511,-73.9274
4/25/2014 16:57:00,40.6669,-73.9448
4/25/2014 17:18:00,40.6624,-73.9364
4/25/2014 17:36:00,40.6576,-73.9227
4/25/2014 18:16:00,40.662,-73.944
4/25/2014 18:17:00,40.6793,-73.9412
4/25/2014 19:08:00,40.6751,-73.9483
4/25/2014 19:59:00,40.6469,-73.9462
4/25/2014 20:52:00,40.6706,-73.9461
4/25/2014 20:59:00,40.6644,-73.933
4/25/2014 21:05:00,40.6092,-73.9432
4/25/2014 21:56:00,40.6607,-73.9408
4/25/2014 22:47:00,40.674,-73.9474
4/25/2014 23:32:00,40.6785,-73.9484
4/25/2014 23:33:00,40.6776,-73.9495
4/25/2014 23:54:00,40.6761,-73.9352
4/26/2014 1:33:00,40.6158,-73.935
4/26/2014 4:11:00,40.6542,-73.9496
4/26/2014 5:07:00,40.6562,-73.9425
4/26/2014 5:11:00,40.6298,-73.927
4/26/2014 5:50:00,40.6776,-73.948
4/26/2014 6:51:00,40.6239,-73.9216
4/26/2014 7:10:00,40.653,-73.9446
4/26/2014 8:38:00,40.6687,-73.9478
4/26/2014 8:42:00,40.6772,-73.9387
4/26/2014 9:18:00,40.6799,-73.9496
4/26/2014 9:35:00,40.6746,-73.9234
4/26/2014 9:45:00,40.667,-73.9319
4/26/2014 10:45:00,40.6451,-73.9492
4/26/2014 11:00:00,40.6768,-73.9491
4/26/2014 11:31:00,40.651,-73.946
4/26/2014 11:35:00,40.6512,-73.9274
4/26/2014 13:35:00,40.6758,-73.9388
4/26/2014 13:41:00,40.6746,-73.925
4/26/2014 13:56:00,40.6799,-73.9408
4/26/2014 15:01:00,40.6795,-73.9329
4/26/2014 15:12:00,40.6797,-73.9371
4/26/2014 15:17:00,40.6741,-73.9463
4/26/2014 16:11:00,40.6429,-73.9468
4/26/2014 16:32:00,40.6729,-73.9405
4/26/2014 16:33:00,40.6786,-73.9497
4/26/2014 16:38:00,40.6751,-73.9417
4/26/2014 16:41:00,40.6267,-73.947
4/26/2014 16:55:00,40.6711,-73.94
4/26/2014 16:57:00,40.6288,-73.924
4/26/2014 17:04:00,40.6795,-73.9385
4/26/2014 17:29:00,40.6786,-73.9441
4/26/2014 17:31:00,40.6514,-73.9274
4/26/2014 17:35:00,40.6491,-73.9469
4/26/2014 17:37:00,40.6508,-73.9264
4/26/2014 18:06:00,40.6746,-73.9409
4/26/2014 18:59:00,40.6794,-73.9445
4/26/2014 19:06:00,40.6783,-73.9488
4/26/2014 19:17:00,40.6611,-73.9279
4/26/2014 19:45:00,40.6796,-73.9377
4/26/2014 20:03:00,40.6777,-73.9497
4/26/2014 20:55:00,40.6731,-73.9285
4/26/2014 20:58:00,40.6748,-73.9426
4/26/2014 21:06:00,40.632,-73.9476
4/26/2014 21:15:00,40.6603,-73.9478
4/26/2014 21:40:00,40.6532,-73.9411
4/26/2014 22:00:00,40.6776,-73.9355
4/26/2014 22:28:00,40.6694,-73.9453
4/26/2014 22:40:00,40.6798,-73.9379
4/26/2014 22:48:00,40.6708,-73.935
4/27/2014 0:27:00,40.6743,-73.9493
4/27/2014 0:49:00,40.6783,-73.9498
4/27/2014 1:01:00,40.6689,-73.9383
4/27/2014 1:02:00,40.6054,-73.9419
4/27/2014 1:10:00,40.6424,-73.9323
4/27/2014 1:20:00,40.6758,-73.9499
4/27/2014 1:31:00,40.6788,-73.9346
4/27/2014 2:01:00,40.6786,-73.9496
4/27/2014 2:02:00,40.6784,-73.9499
4/27/2014 2:05:00,40.6788,-73.9345
4/27/2014 2:09:00,40.6783,-73.9497
4/27/2014 2:13:00,40.6786,-73.9499
4/27/2014 2:27:00,40.6786,-73.9497
4/27/2014 4:26:00,40.6581,-73.9312
4/27/2014 5:24:00,40.6709,-73.9351
4/27/2014 7:40:00,40.6798,-73.9383
4/27/2014 9:42:00,40.6559,-73.9298
4/27/2014 9:56:00,40.6764,-73.9249
4/27/2014 10:00:00,40.6529,-73.9431
4/27/2014 10:12:00,40.6796,-73.9385
4/27/2014 11:06:00,40.6741,-73.9456
4/27/2014 11:08:00,40.6411,-73.9485
4/27/2014 12:33:00,40.6743,-73.9496
4/27/2014 12:36:00,40.6779,-73.9409
4/27/2014 13:53:00,40.6706,-73.9365
4/27/2014 14:14:00,40.6633,-73.9428
4/27/2014 14:22:00,40.6334,-73.9477
4/27/2014 14:28:00,40.672,-73.9398
4/27/2014 14:57:00,40.6395,-73.9204
4/27/2014 14:58:00,40.6315,-73.9462
4/27/2014 16:19:00,40.6761,-73.9471
4/27/2014 16:35:00,40.6232,-73.9215
4/27/2014 16:40:00,40.67,-73.9363
4/27/2014 18:01:00,40.6668,-73.9446
4/27/2014 18:03:00,40.6624,-73.9381
4/27/2014 20:42:00,40.6755,-73.9381
4/27/2014 21:26:00,40.6788,-73.9496
4/27/2014 23:21:00,40.6688,-73.9376
4/28/2014 0:18:00,40.6317,-73.936
4/28/2014 1:11:00,40.6767,-73.936
4/28/2014 2:53:00,40.6166,-73.9403
4/28/2014 4:18:00,40.6754,-73.9381
4/28/2014 5:18:00,40.6758,-73.9296
4/28/2014 5:37:00,40.6734,-73.9463
4/28/2014 5:45:00,40.6748,-73.9473
4/28/2014 5:46:00,40.6678,-73.9458
4/28/2014 6:19:00,40.678,-73.9203
4/28/2014 10:15:00,40.6773,-73.9419
4/28/2014 11:39:00,40.6586,-73.9388
4/28/2014 12:33:00,40.6721,-73.9475
4/28/2014 12:47:00,40.6146,-73.9254
4/28/2014 13:40:00,40.6771,-73.9224
4/28/2014 15:01:00,40.6551,-73.9433
4/28/2014 15:46:00,40.6187,-73.9405
4/28/2014 16:01:00,40.6729,-73.9243
4/28/2014 16:26:00,40.6641,-73.9438
4/28/2014 16:32:00,40.6743,-73.9497
4/28/2014 16:39:00,40.6525,-73.9402
4/28/2014 17:31:00,40.6421,-73.94
4/28/2014 17:42:00,40.6758,-73.9297
4/28/2014 18:08:00,40.6729,-73.9233
4/28/2014 18:33:00,40.6704,-73.9269
4/28/2014 20:44:00,40.6713,-73.9436
4/28/2014 22:17:00,40.6707,-73.9341
4/29/2014 0:39:00,40.6621,-73.9211
4/29/2014 4:44:00,40.6586,-73.9452
4/29/2014 7:17:00,40.6743,-73.9495
4/29/2014 8:28:00,40.6363,-73.9499
4/29/2014 10:04:00,40.6796,-73.9491
4/29/2014 11:53:00,40.6754,-73.938
4/29/2014 11:57:00,40.6799,-73.9496
4/29/2014 13:02:00,40.6778,-73.9498
4/29/2014 13:41:00,40.6596,-73.9361
4/29/2014 14:15:00,40.6323,-73.9484
4/29/2014 15:13:00,40.6307,-73.9473
4/29/2014 16:36:00,40.6625,-73.9354
4/29/2014 16:55:00,40.6648,-73.937
4/29/2014 18:53:00,40.6785,-73.9491
4/29/2014 19:46:00,40.667,-73.9459
4/29/2014 20:04:00,40.6582,-73.9282
4/29/2014 21:34:00,40.6753,-73.9362
4/29/2014 21:46:00,40.6754,-73.9367
4/29/2014 23:12:00,40.6498,-73.9495
4/29/2014 23:50:00,40.6559,-73.9431
4/30/2014 0:04:00,40.6737,-73.9362
4/30/2014 5:08:00,40.6758,-73.9296
4/30/2014 5:29:00,40.6749,-73.943
4/30/2014 5:36:00,40.6687,-73.9478
4/30/2014 5:40:00,40.6781,-73.9448
4/30/2014 6:01:00,40.6768,-73.9478
4/30/2014 8:01:00,40.6766,-73.936
4/30/2014 10:40:00,40.6684,-73.9479
Time,Lat,Lon
4/30/2014 12:28:00,40.6773,-73.9428
4/30/2014 12:33:00,40.662,-73.9437
4/30/2014 14:49:00,40.6606,-73.9312
4/30/2014 15:26:00,40.6561,-73.9461
4/30/2014 15:28:00,40.6743,-73.9495
4/30/2014 15:56:00,40.6101,-73.9486
4/30/2014 15:56:00,40.6101,-73.9486
4/30/2014 16:38:00,40.6771,-73.9415
4/30/2014 17:02:00,40.6786,-73.9413
4/30/2014 17:05:00,40.6774,-73.9498
4/30/2014 17:09:00,40.672,-73.9281
4/30/2014 17:13:00,40.6159,-73.9226
4/30/2014 17:43:00,40.6648,-73.9231
4/30/2014 17:45:00,40.6686,-73.9315
4/30/2014 17:51:00,40.6729,-73.9242
4/30/2014 18:17:00,40.6326,-73.9323
4/30/2014 18:33:00,40.6751,-73.9472
4/30/2014 19:04:00,40.6625,-73.9362
4/30/2014 19:59:00,40.6408,-73.9291
4/30/2014 20:30:00,40.6544,-73.9462
4/30/2014 20:56:00,40.6744,-73.9496
4/30/2014 21:35:00,40.6729,-73.9232
4/30/2014 21:51:00,40.6189,-73.9345
4/30/2014 21:58:00,40.6569,-73.9261
4/30/2014 22:35:00,40.6686,-73.9478
4/30/2014 22:51:00,40.673,-73.9421
4/5/2014 14:37:00,40.6799,-73.9397
4/8/2014 15:34:00,40.6564,-73.948
4/10/2014 14:16:00,40.6563,-73.9493
4/10/2014 14:37:00,40.6795,-73.944
4/12/2014 10:38:00,40.64,-73.9483
4/12/2014 21:57:00,40.6751,-73.9487
4/13/2014 9:42:00,40.621,-73.9328
4/13/2014 18:08:00,40.6742,-73.9472
4/13/2014 19:49:00,40.663,-73.9315
4/14/2014 8:57:00,40.6773,-73.9426
4/17/2014 4:53:00,40.6733,-73.9493
4/17/2014 19:14:00,40.6682,-73.9236
4/17/2014 22:03:00,40.6706,-73.9459
4/17/2014 22:26:00,40.617,-73.9308
4/18/2014 12:36:00,40.6744,-73.9444
4/19/2014 0:31:00,40.6787,-73.9367
4/19/2014 23:50:00,40.6706,-73.9449
4/23/2014 22:27:00,40.6694,-73.9386
4/24/2014 22:16:00,40.6628,-73.9441
4/24/2014 22:45:00,40.6176,-73.9463
4/26/2014 7:12:00,40.6796,-73.9486
4/26/2014 23:15:00,40.6719,-73.9381
4/28/2014 8:08:00,40.6776,-73.9484
4/30/2014 23:32:00,40.6756,-73.9405
